{"type":"FeatureCollection","features":[{"type":"Feature","properties":{"name":"Alleppey","taluk":null,"matched":false,"gadm":"Alleppey"},"geometry":{"type":"MultiPolygon","coordinates":[[[[76.3674,9.5829],[76.3654,9.5785],[76.3601,9.5765],[76.3593,9.5749],[76.3596,9.566],[76.3574,9.5638],[76.3574,9.5549],[76.3532,9.5399],[76.3532,9.5349],[76.3576,9.5246],[76.3721,9.5221],[76.3771,9.5028],[76.3734,9.4989],[76.3661,9.4999],[76.3647,9.5024],[76.3565,9.494],[76.3503,9.4752],[76.3485,9.4498],[76.3651,9.4029],[76.3738,9.384],[76.385,9.3818],[76.3895,9.3842],[76.392,9.3748],[76.3914,9.366],[76.3889,9.3608],[76.3848,9.3601],[76.3819,9.3575],[76.3814,9.3522],[76.3756,9.3455],[76.385,9.3415],[76.3982,9.3418],[76.399,9.3326],[76.3908,9.3297],[76.3874,9.3144],[76.3864,9.3033],[76.386,9.3029],[76.381,9.3121],[76.3804,9.3165],[76.3693,9.3432],[76.3518,9.3779],[76.3379,9.416],[76.3368,9.424],[76.3332,9.4326],[76.334,9.436],[76.3313,9.4404],[76.3213,9.4796],[76.3196,9.4818],[76.3187,9.4943],[76.3163,9.4988],[76.3104,9.524],[76.3021,9.5732],[76.3018,9.5835],[76.3001,9.5863],[76.3004,9.5876],[76.3259,9.5886],[76.3563,9.5812],[76.3674,9.5829]]],[[[76.3676,9.5833],[76.3676,9.5832],[76.3674,9.5832],[76.3676,9.5833]]]]}},{"type":"Feature","properties":{"name":"Chengannur","taluk":"Chengannur","matched":true,"gadm":"Chengannur"},"geometry":{"type":"MultiPolygon","coordinates":[[[[76.481,9.3008],[76.4787,9.3053],[76.4822,9.3158],[76.493,9.3136],[76.5021,9.3168],[76.5168,9.3163],[76.5228,9.3117],[76.5405,9.3165],[76.5407,9.3273],[76.5445,9.3299],[76.5458,9.3349],[76.5398,9.3362],[76.5372,9.3397],[76.542,9.3419],[76.5452,9.3391],[76.5588,9.3462],[76.5667,9.3402],[76.5825,9.3419],[76.5909,9.3375],[76.6102,9.3326],[76.6143,9.3325],[76.6178,9.3348],[76.6275,9.3348],[76.6289,9.3324],[76.6278,9.328],[76.6305,9.3233],[76.6244,9.3183],[76.633,9.305],[76.6403,9.297],[76.6411,9.281],[76.6449,9.2783],[76.6537,9.2774],[76.6614,9.281],[76.6663,9.2863],[76.6706,9.2819],[76.6721,9.2823],[76.6728,9.2864],[76.6791,9.2868],[76.6793,9.2788],[76.6782,9.2747],[76.668,9.2719],[76.6633,9.2613],[76.6496,9.2596],[76.6421,9.2504],[76.6395,9.244],[76.6442,9.2321],[76.6396,9.2271],[76.6262,9.2227],[76.6198,9.2287],[76.6138,9.2264],[76.6151,9.2219],[76.608,9.2165],[76.6046,9.2177],[76.5922,9.2281],[76.5861,9.2275],[76.5825,9.2307],[76.581,9.2346],[76.5752,9.2375],[76.5643,9.2527],[76.563,9.259],[76.5559,9.2552],[76.5483,9.2614],[76.5413,9.2615],[76.5369,9.2506],[76.5333,9.2512],[76.5321,9.255],[76.5326,9.2648],[76.5352,9.2756],[76.5286,9.272],[76.5254,9.2742],[76.5276,9.28],[76.5231,9.2797],[76.5227,9.2879],[76.5204,9.2887],[76.5176,9.297],[76.499,9.2956],[76.4882,9.2971],[76.481,9.3008]]]]}},{"type":"Feature","properties":{"name":"Haripad","taluk":null,"matched":false,"gadm":"Haripad"},"geometry":{"type":"MultiPolygon","coordinates":[[[[76.3862,9.3029],[76.3908,9.3297],[76.399,9.3326],[76.4088,9.3311],[76.422,9.3433],[76.4279,9.3426],[76.4317,9.34],[76.4366,9.3399],[76.4389,9.3445],[76.4471,9.3411],[76.4481,9.3362],[76.4516,9.3329],[76.4624,9.3319],[76.4641,9.3267],[76.4625,9.3216],[76.4663,9.3188],[76.4749,9.319],[76.4822,9.3158],[76.4787,9.3053],[76.481,9.3008],[76.4757,9.2908],[76.4792,9.2833],[76.4861,9.2827],[76.4871,9.2865],[76.4902,9.2857],[76.4878,9.2735],[76.4875,9.26],[76.4926,9.2537],[76.4838,9.2084],[76.4876,9.2063],[76.5023,9.2053],[76.501,9.1958],[76.4967,9.1883],[76.5007,9.1844],[76.5081,9.1842],[76.5167,9.1801],[76.524,9.1796],[76.5171,9.156],[76.5191,9.1476],[76.529,9.144],[76.5283,9.1393],[76.5313,9.1345],[76.5284,9.1287],[76.522,9.1275],[76.5,9.129],[76.4972,9.1255],[76.4939,9.1244],[76.4925,9.1206],[76.4938,9.1142],[76.4883,9.1162],[76.4724,9.1147],[76.4635,9.1351],[76.4693,9.1365],[76.4668,9.131],[76.471,9.1301],[76.4721,9.1229],[76.4732,9.1246],[76.4765,9.1246],[76.476,9.1268],[76.4735,9.1276],[76.4743,9.1315],[76.4762,9.1313],[76.4771,9.1335],[76.4796,9.1271],[76.4818,9.1257],[76.4837,9.1268],[76.4832,9.1371],[76.4849,9.1393],[76.4804,9.1521],[76.4799,9.1651],[76.4824,9.1676],[76.4882,9.1668],[76.4904,9.1701],[76.4824,9.1687],[76.4799,9.171],[76.4779,9.1674],[76.4757,9.1665],[76.4765,9.1576],[76.4788,9.1549],[76.4776,9.1485],[76.4743,9.1462],[76.4735,9.1421],[76.4707,9.1424],[76.4699,9.1454],[76.471,9.146],[76.4682,9.1471],[76.4671,9.151],[76.4674,9.1582],[76.4626,9.1649],[76.4604,9.1646],[76.4579,9.1671],[76.4532,9.1801],[76.4485,9.1868],[76.4424,9.2004],[76.4393,9.2182],[76.4404,9.2304],[76.4315,9.2304],[76.4226,9.2457],[76.4207,9.2415],[76.431,9.2246],[76.4315,9.2193],[76.436,9.2113],[76.4407,9.1932],[76.4396,9.1901],[76.4515,9.1785],[76.4582,9.1635],[76.4574,9.1613],[76.4543,9.1607],[76.4543,9.1585],[76.4576,9.156],[76.459,9.1599],[76.461,9.159],[76.4679,9.1429],[76.4674,9.141],[76.4635,9.1412],[76.4613,9.1396],[76.436,9.1938],[76.4329,9.2038],[76.3862,9.3029]]]]}},{"type":"Feature","properties":{"name":"Mankombu","taluk":null,"matched":false,"gadm":"Mankombu"},"geometry":{"type":"MultiPolygon","coordinates":[[[[76.3993,9.3366],[76.3982,9.3418],[76.385,9.3415],[76.3756,9.3455],[76.3814,9.3522],[76.3819,9.3575],[76.3848,9.3601],[76.3889,9.3608],[76.3914,9.366],[76.392,9.3748],[76.3895,9.3842],[76.385,9.3818],[76.3738,9.384],[76.3651,9.4029],[76.3521,9.4389],[76.3485,9.4498],[76.3503,9.4752],[76.3526,9.4852],[76.3565,9.494],[76.3647,9.5024],[76.3661,9.4999],[76.3734,9.4989],[76.3771,9.5028],[76.3726,9.5224],[76.3746,9.5226],[76.3782,9.5196],[76.3785,9.5171],[76.3826,9.516],[76.3832,9.5065],[76.3832,9.526],[76.434,9.5274],[76.4346,9.5243],[76.4362,9.5235],[76.4346,9.5193],[76.436,9.5185],[76.4379,9.5204],[76.4382,9.5143],[76.4424,9.5113],[76.4429,9.5276],[76.4639,9.5282],[76.466,9.5272],[76.4665,9.5037],[76.4682,9.4988],[76.4795,9.4981],[76.4855,9.4952],[76.4922,9.4949],[76.4943,9.4917],[76.4935,9.4706],[76.4916,9.4673],[76.4924,9.4611],[76.4855,9.4487],[76.483,9.4327],[76.4977,9.426],[76.4926,9.4187],[76.4948,9.4175],[76.4969,9.4105],[76.4946,9.4076],[76.4961,9.3949],[76.5018,9.3931],[76.4985,9.3864],[76.5009,9.3797],[76.4985,9.3742],[76.4985,9.3693],[76.4956,9.3688],[76.4975,9.3637],[76.5036,9.3596],[76.5098,9.3581],[76.5094,9.3555],[76.5004,9.3553],[76.4986,9.3457],[76.4818,9.3398],[76.4759,9.3396],[76.4641,9.3267],[76.4624,9.3319],[76.4516,9.3329],[76.4481,9.3362],[76.4471,9.3411],[76.4389,9.3445],[76.4366,9.3399],[76.4317,9.34],[76.4279,9.3426],[76.422,9.3433],[76.4088,9.3311],[76.399,9.3326],[76.3993,9.3366]]],[[[76.4528,9.5335],[76.4604,9.5296],[76.4354,9.5285],[76.436,9.5515],[76.4521,9.546],[76.4528,9.5335]]],[[[76.4046,9.5399],[76.4049,9.5276],[76.3829,9.5276],[76.3824,9.534],[76.4032,9.5415],[76.4046,9.5399]]],[[[76.4349,9.5482],[76.434,9.5285],[76.4063,9.5276],[76.4057,9.5424],[76.4343,9.5515],[76.4349,9.5482]]],[[[76.4146,9.5624],[76.4163,9.5576],[76.4232,9.5557],[76.4257,9.5499],[76.3829,9.5349],[76.3821,9.5432],[76.4043,9.5535],[76.4037,9.5593],[76.4049,9.5601],[76.4132,9.5632],[76.4146,9.5624]]]]}},{"type":"Feature","properties":{"name":"Mavelikara","taluk":null,"matched":false,"gadm":"Mavelikara"},"geometry":{"type":"MultiPolygon","coordinates":[[[[76.481,9.3008],[76.4882,9.2971],[76.499,9.2956],[76.5176,9.297],[76.5204,9.2887],[76.5227,9.2879],[76.5231,9.2797],[76.5276,9.28],[76.5254,9.2742],[76.5286,9.272],[76.5352,9.2756],[76.5326,9.2648],[76.5321,9.255],[76.5333,9.2512],[76.5369,9.2506],[76.5413,9.2615],[76.5483,9.2614],[76.5559,9.2552],[76.563,9.259],[76.5643,9.2527],[76.5752,9.2375],[76.581,9.2346],[76.5825,9.2307],[76.5861,9.2275],[76.5922,9.2281],[76.6046,9.2177],[76.608,9.2165],[76.6151,9.2219],[76.6138,9.2264],[76.6198,9.2287],[76.6262,9.2227],[76.6293,9.2104],[76.6265,9.2072],[76.6292,9.2071],[76.6296,9.204],[76.6276,9.2013],[76.6299,9.1946],[76.6325,9.1939],[76.6321,9.1996],[76.6352,9.2],[76.6394,9.1925],[76.6534,9.1906],[76.6713,9.1655],[76.6697,9.1617],[76.661,9.1629],[76.6593,9.1603],[76.6582,9.1441],[76.6524,9.1419],[76.6276,9.1409],[76.6196,9.128],[76.6087,9.1267],[76.5992,9.1199],[76.5759,9.1207],[76.575,9.113],[76.5714,9.1107],[76.5702,9.1066],[76.5618,9.108],[76.5548,9.1012],[76.5435,9.0998],[76.5364,9.1028],[76.5324,9.1159],[76.5286,9.1197],[76.5284,9.1287],[76.5313,9.1345],[76.5283,9.1393],[76.529,9.144],[76.5191,9.1476],[76.5171,9.156],[76.524,9.1796],[76.5167,9.1801],[76.5081,9.1842],[76.5007,9.1844],[76.4967,9.1883],[76.501,9.1958],[76.5023,9.2053],[76.4876,9.2063],[76.4838,9.2084],[76.4926,9.2537],[76.4875,9.26],[76.4878,9.2735],[76.4902,9.2857],[76.4871,9.2865],[76.4861,9.2827],[76.4792,9.2833],[76.4767,9.2869],[76.4757,9.2908],[76.481,9.3008]]]]}},{"type":"Feature","properties":{"name":"n.a.(2250)","taluk":null,"matched":false,"gadm":"n.a.(2250)"},"geometry":{"type":"MultiPolygon","coordinates":[[[[76.3496,9.8746],[76.3521,9.8657],[76.3554,9.8635],[76.3565,9.8599],[76.3662,9.8554],[76.366,9.8532],[76.3679,9.8507],[76.3676,9.844],[76.3718,9.8343],[76.3718,9.831],[76.3604,9.8307],[76.349,9.8385],[76.3487,9.8401],[76.3518,9.8426],[76.3529,9.8538],[76.3515,9.8593],[76.3482,9.861],[76.3493,9.8668],[76.3471,9.8696],[76.3496,9.8746]]]]}},{"type":"Feature","properties":{"name":"Cherthala","taluk":"Cherthala","matched":true,"gadm":"Shertallai"},"geometry":{"type":"MultiPolygon","coordinates":[[[[76.386,9.6204],[76.3876,9.6199],[76.3876,9.6176],[76.3846,9.6135],[76.3818,9.6179],[76.386,9.6204]]],[[[76.3729,9.8251],[76.3732,9.8215],[76.3724,9.8215],[76.3715,9.8257],[76.3729,9.8251]]],[[[76.3696,9.8263],[76.3701,9.824],[76.3668,9.8268],[76.3685,9.8268],[76.3696,9.8263]]],[[[76.3673,9.5832],[76.3563,9.5812],[76.3259,9.5886],[76.3004,9.5876],[76.296,9.6204],[76.2976,9.6235],[76.2954,9.6265],[76.2946,9.6515],[76.2932,9.6543],[76.2843,9.7376],[76.2838,9.7476],[76.286,9.7476],[76.2865,9.7499],[76.2829,9.7515],[76.2709,9.8235],[76.2752,9.8418],[76.2839,9.8431],[76.2854,9.8446],[76.2829,9.8396],[76.2851,9.8326],[76.289,9.8343],[76.2899,9.8376],[76.294,9.8379],[76.2932,9.846],[76.2904,9.8488],[76.2913,9.8499],[76.2971,9.8507],[76.2993,9.8496],[76.2996,9.8438],[76.3029,9.8474],[76.3024,9.8504],[76.2988,9.851],[76.3029,9.8538],[76.2974,9.8571],[76.2965,9.8604],[76.296,9.8813],[76.2943,9.8843],[76.2957,9.8899],[76.2982,9.8893],[76.3093,9.8799],[76.3193,9.8763],[76.3168,9.8682],[76.3182,9.8501],[76.3168,9.8449],[76.3182,9.8396],[76.3196,9.8396],[76.3218,9.8343],[76.3207,9.8313],[76.3218,9.8076],[76.3229,9.8057],[76.3257,9.8057],[76.3257,9.7932],[76.3274,9.7882],[76.3349,9.7799],[76.3329,9.7732],[76.3357,9.766],[76.3404,9.7629],[76.3404,9.7532],[76.3388,9.7518],[76.3424,9.751],[76.3407,9.7443],[76.3412,9.7315],[76.3451,9.7238],[76.3449,9.7138],[76.3476,9.7118],[76.349,9.7121],[76.3499,9.7249],[76.3457,9.7363],[76.3465,9.7504],[76.3446,9.7549],[76.3421,9.756],[76.3415,9.7621],[76.3365,9.7693],[76.3354,9.7738],[76.3376,9.7863],[76.3301,9.8018],[76.3299,9.8057],[76.3363,9.8093],[76.3301,9.829],[76.3285,9.8243],[76.3226,9.8279],[76.3229,9.8362],[76.3185,9.8438],[76.3204,9.8476],[76.3196,9.8549],[76.3215,9.8582],[76.3196,9.8646],[76.3207,9.8713],[76.3313,9.8724],[76.3346,9.8665],[76.3374,9.8649],[76.3401,9.8568],[76.3399,9.844],[76.3415,9.8368],[76.3485,9.8301],[76.349,9.8279],[76.3574,9.8215],[76.3643,9.8201],[76.3651,9.8229],[76.3674,9.8229],[76.3707,9.8201],[76.3693,9.8143],[76.3649,9.8151],[76.3671,9.814],[76.3671,9.811],[76.3615,9.8054],[76.3596,9.7988],[76.3615,9.7896],[76.3688,9.7743],[76.3674,9.7613],[76.3704,9.7488],[76.3693,9.7426],[76.3718,9.7415],[76.3721,9.7385],[76.3701,9.731],[76.3662,9.7276],[76.3665,9.7118],[76.3637,9.7029],[76.3613,9.7029],[76.3607,9.7004],[76.3651,9.6968],[76.366,9.6926],[76.3699,9.6896],[76.3718,9.6851],[76.3826,9.6826],[76.3843,9.6788],[76.3932,9.6788],[76.3946,9.6768],[76.3988,9.676],[76.3988,9.6743],[76.3932,9.6751],[76.3915,9.6599],[76.3821,9.6521],[76.3799,9.6415],[76.381,9.6326],[76.376,9.6218],[76.3737,9.621],[76.3671,9.611],[76.366,9.6013],[76.3637,9.5968],[76.364,9.5943],[76.3662,9.5926],[76.3651,9.589],[76.3674,9.5865],[76.3673,9.5832]]],[[[76.3246,9.8249],[76.326,9.8224],[76.3285,9.8232],[76.3274,9.8196],[76.329,9.8176],[76.3268,9.8079],[76.3254,9.8074],[76.3229,9.809],[76.3226,9.8238],[76.3235,9.8257],[76.3246,9.8249]]],[[[76.2899,9.8468],[76.2896,9.8446],[76.2882,9.844],[76.2879,9.8468],[76.2899,9.8468]]]]}},{"type":"Feature","properties":{"name":"Aluva","taluk":"Aluva","matched":true,"gadm":"Alwaye"},"geometry":{"type":"MultiPolygon","coordinates":[[[[76.3702,10.0291],[76.3666,10.0322],[76.3613,10.0436],[76.3532,10.0413],[76.3467,10.0561],[76.3416,10.0553],[76.3446,10.0629],[76.3404,10.0626],[76.3383,10.065],[76.3377,10.0693],[76.3327,10.0696],[76.3304,10.0639],[76.3263,10.0603],[76.3197,10.0635],[76.3204,10.0669],[76.3256,10.0721],[76.3314,10.083],[76.3361,10.1013],[76.3342,10.1042],[76.3289,10.1051],[76.3287,10.1104],[76.3192,10.113],[76.316,10.1314],[76.3196,10.1421],[76.3185,10.1572],[76.3107,10.1618],[76.3147,10.1746],[76.3129,10.1762],[76.3085,10.1734],[76.3038,10.1737],[76.3009,10.195],[76.3025,10.1985],[76.3196,10.2015],[76.3244,10.2047],[76.3267,10.208],[76.3301,10.2234],[76.3331,10.2256],[76.3645,10.2346],[76.368,10.2382],[76.3683,10.2444],[76.37,10.2469],[76.3756,10.2466],[76.3798,10.2487],[76.3805,10.256],[76.386,10.2596],[76.3918,10.2693],[76.4019,10.2716],[76.4024,10.2802],[76.4058,10.281],[76.4049,10.2876],[76.4066,10.2886],[76.4211,10.283],[76.4365,10.271],[76.4482,10.2673],[76.4512,10.2594],[76.4623,10.2565],[76.4659,10.253],[76.4659,10.249],[76.4604,10.2388],[76.4787,10.2236],[76.4872,10.2257],[76.4918,10.2215],[76.5168,10.217],[76.5215,10.2135],[76.5223,10.2063],[76.528,10.2041],[76.5309,10.2085],[76.5361,10.2029],[76.5422,10.1997],[76.5465,10.1956],[76.5459,10.19],[76.5376,10.1878],[76.5169,10.1901],[76.5124,10.1864],[76.5057,10.1861],[76.4964,10.175],[76.4919,10.1739],[76.4824,10.1771],[76.4706,10.1754],[76.462,10.1763],[76.4572,10.1749],[76.4463,10.164],[76.4365,10.1605],[76.4308,10.1564],[76.4197,10.1428],[76.4202,10.1398],[76.4235,10.1386],[76.4336,10.1412],[76.4392,10.1346],[76.4405,10.1303],[76.4466,10.1252],[76.4472,10.1202],[76.4421,10.1133],[76.4394,10.1123],[76.4352,10.1114],[76.4241,10.115],[76.4109,10.1086],[76.4033,10.1081],[76.4002,10.1045],[76.396,10.0982],[76.3991,10.0892],[76.3933,10.0897],[76.3977,10.0818],[76.3916,10.0741],[76.3859,10.0703],[76.3869,10.0531],[76.3775,10.0434],[76.3702,10.0291]]]]}},{"type":"Feature","properties":{"name":"Kochi","taluk":"Kochi","matched":true,"gadm":"Cochin"},"geometry":{"type":"MultiPolygon","coordinates":[[[[76.2854,9.8446],[76.2839,9.8431],[76.2752,9.8418],[76.2707,9.8235],[76.2624,9.8665],[76.2632,9.8699],[76.2613,9.8718],[76.2604,9.8818],[76.2551,9.9029],[76.2507,9.9196],[76.2374,9.9563],[76.2371,9.9649],[76.2432,9.969],[76.2526,9.9699],[76.2538,9.9671],[76.2599,9.9624],[76.2618,9.9554],[76.261,9.9501],[76.2624,9.9412],[76.2676,9.9321],[76.2826,9.9235],[76.2926,9.9215],[76.2954,9.9179],[76.2965,9.8929],[76.2901,9.8988],[76.2893,9.9063],[76.2907,9.9021],[76.2935,9.9018],[76.2921,9.9085],[76.2887,9.9071],[76.2879,9.9093],[76.286,9.9088],[76.2865,9.9021],[76.2818,9.9026],[76.2726,9.8999],[76.2665,9.9124],[76.2657,9.9113],[76.2688,9.904],[76.2701,9.9038],[76.2701,9.9013],[76.2654,9.8968],[76.2613,9.9101],[76.2574,9.9157],[76.2582,9.9115],[76.2571,9.9093],[76.259,9.9076],[76.259,9.9057],[76.2574,9.9057],[76.2585,9.8993],[76.2696,9.8663],[76.2749,9.8679],[76.274,9.8743],[76.276,9.8735],[76.2771,9.8693],[76.2796,9.8701],[76.2815,9.874],[76.2757,9.894],[76.2787,9.8938],[76.2796,9.8879],[76.2815,9.8904],[76.2821,9.8988],[76.2862,9.9007],[76.2876,9.8985],[76.286,9.8963],[76.289,9.8896],[76.2921,9.8732],[76.2949,9.8665],[76.2943,9.8599],[76.2971,9.8529],[76.2951,9.851],[76.2896,9.8521],[76.2835,9.8504],[76.2854,9.8446]]]]}},{"type":"Feature","properties":{"name":"Ernakulam","taluk":null,"matched":false,"gadm":"Ernakulam"},"geometry":{"type":"MultiPolygon","coordinates":[[[[76.3824,9.8265],[76.3812,9.8268],[76.384,9.8271],[76.3915,9.8212],[76.3842,9.8215],[76.3824,9.8265]]],[[[76.379,9.8385],[76.3793,9.8371],[76.3763,9.8368],[76.3774,9.8393],[76.379,9.8385]]],[[[76.3771,9.8404],[76.3749,9.8376],[76.3726,9.8407],[76.3776,9.8415],[76.3771,9.8404]]],[[[76.309,9.9207],[76.3126,9.9154],[76.3112,9.9082],[76.3171,9.9029],[76.3154,9.8965],[76.3176,9.8904],[76.3174,9.8865],[76.3101,9.8876],[76.3043,9.9029],[76.3057,9.9135],[76.3046,9.9196],[76.3076,9.9215],[76.309,9.9207]]],[[[76.3236,10.0621],[76.3263,10.0603],[76.3304,10.0639],[76.3327,10.0696],[76.3377,10.0693],[76.3383,10.065],[76.3404,10.0626],[76.3446,10.0629],[76.3416,10.0553],[76.3467,10.0561],[76.3532,10.0413],[76.3613,10.0436],[76.3666,10.0322],[76.3702,10.0291],[76.3687,10.0104],[76.3629,10.0071],[76.3619,10.0016],[76.3591,10.0015],[76.3576,9.9893],[76.3547,9.9845],[76.3502,9.9847],[76.3444,9.9705],[76.3459,9.9663],[76.3572,9.9551],[76.36,9.9501],[76.3618,9.9398],[76.3682,9.9316],[76.381,9.9281],[76.4059,9.9161],[76.4096,9.9077],[76.4126,9.906],[76.4143,9.8958],[76.4197,9.892],[76.4276,9.8903],[76.4323,9.8821],[76.4367,9.8796],[76.442,9.8793],[76.4437,9.8814],[76.4484,9.8782],[76.4535,9.8699],[76.458,9.8668],[76.4583,9.8515],[76.45,9.841],[76.4335,9.8248],[76.4204,9.8183],[76.4058,9.8152],[76.4019,9.8163],[76.3832,9.8285],[76.3824,9.834],[76.3871,9.8338],[76.3863,9.8407],[76.3799,9.8413],[76.3846,9.8443],[76.3799,9.8438],[76.3768,9.846],[76.3776,9.8432],[76.3715,9.8424],[76.3715,9.849],[76.3757,9.8499],[76.3796,9.8535],[76.3787,9.8604],[76.3774,9.8649],[76.3726,9.8707],[76.3721,9.8763],[76.3671,9.8837],[76.3651,9.8915],[76.354,9.9107],[76.3515,9.9124],[76.3463,9.9124],[76.3454,9.9101],[76.344,9.9104],[76.344,9.9162],[76.3401,9.9196],[76.3368,9.9196],[76.336,9.9154],[76.324,9.9154],[76.3243,9.9135],[76.3268,9.9151],[76.329,9.9132],[76.3326,9.914],[76.336,9.9035],[76.3412,9.9029],[76.3393,9.8996],[76.3412,9.8985],[76.3401,9.8921],[76.3432,9.8876],[76.3432,9.8851],[76.3399,9.8843],[76.3346,9.8893],[76.3363,9.891],[76.336,9.8954],[76.3329,9.8957],[76.3293,9.9029],[76.3296,9.8999],[76.3335,9.8938],[76.3329,9.889],[76.3354,9.884],[76.3307,9.8821],[76.3238,9.8885],[76.3187,9.8888],[76.3187,9.8907],[76.3215,9.8924],[76.3171,9.8943],[76.3168,9.8971],[76.3187,9.8988],[76.3182,9.9021],[76.3132,9.9088],[76.3143,9.9132],[76.304,9.9343],[76.3057,9.9365],[76.3054,9.9435],[76.311,9.9457],[76.3115,9.9485],[76.3087,9.9493],[76.3074,9.9463],[76.3051,9.946],[76.3043,9.9363],[76.3001,9.9368],[76.3018,9.9315],[76.3046,9.929],[76.3035,9.9257],[76.2993,9.9301],[76.2843,9.9571],[76.2818,9.9657],[76.2699,9.9893],[76.2732,9.9965],[76.2765,9.9974],[76.2763,10.0029],[76.2726,10.0101],[76.2724,10.0163],[76.2679,10.0226],[76.2665,10.0276],[76.2674,10.0321],[76.2635,10.031],[76.2601,10.0343],[76.2574,10.0232],[76.2613,10.0171],[76.2688,9.9832],[76.2657,9.984],[76.2657,9.9896],[76.2624,9.996],[76.2588,10.0099],[76.2521,10.0235],[76.2513,10.0293],[76.2496,10.0301],[76.2571,10.039],[76.2618,10.039],[76.2626,10.0371],[76.2613,10.0357],[76.2635,10.0357],[76.264,10.0335],[76.2663,10.0374],[76.2649,10.0396],[76.2629,10.0388],[76.2635,10.0407],[76.2599,10.0413],[76.2604,10.0435],[76.2557,10.0426],[76.2551,10.0476],[76.2535,10.0465],[76.2554,10.0396],[76.254,10.0393],[76.2504,10.0471],[76.2529,10.0482],[76.2504,10.0501],[76.2479,10.0571],[76.2462,10.0574],[76.2455,10.0627],[76.2482,10.0609],[76.2513,10.0518],[76.2526,10.056],[76.2574,10.0549],[76.2585,10.051],[76.2565,10.054],[76.2549,10.0515],[76.2518,10.0513],[76.2521,10.0499],[76.2568,10.0493],[76.2562,10.046],[76.2604,10.0476],[76.2582,10.0554],[76.2636,10.057],[76.2624,10.064],[76.2655,10.0657],[76.2848,10.0609],[76.2851,10.0504],[76.2911,10.0372],[76.2999,10.0435],[76.2941,10.0547],[76.2977,10.0567],[76.3084,10.0563],[76.3105,10.0591],[76.3151,10.0594],[76.3197,10.0635],[76.3236,10.0621]]],[[[76.2621,9.9701],[76.2749,9.9663],[76.2918,9.9329],[76.294,9.9257],[76.2771,9.9315],[76.2718,9.9343],[76.2674,9.9393],[76.2651,9.9615],[76.2576,9.9682],[76.2588,9.9707],[76.2621,9.9701]]],[[[76.2724,9.9718],[76.2696,9.971],[76.2688,9.9726],[76.2724,9.9729],[76.2724,9.9718]]],[[[76.2426,10.0138],[76.2451,10.0101],[76.2532,10.006],[76.2537,10.0013],[76.2588,9.9901],[76.2599,9.981],[76.2496,9.976],[76.2465,9.9765],[76.2462,9.9871],[76.2432,9.9976],[76.2437,10.004],[76.2412,10.0068],[76.2399,10.0129],[76.2401,10.0143],[76.2426,10.0138]]],[[[76.2688,10.0021],[76.2699,9.9987],[76.2682,9.9968],[76.2668,10.0026],[76.2688,10.0021]]],[[[76.2538,10.0135],[76.2518,10.0124],[76.2504,10.0138],[76.2521,10.014],[76.2521,10.0171],[76.2538,10.0135]]],[[[76.2657,10.0279],[76.2671,10.0229],[76.2626,10.0224],[76.2651,10.0193],[76.2626,10.0185],[76.259,10.021],[76.2579,10.0237],[76.2607,10.0257],[76.2626,10.029],[76.2618,10.0304],[76.266,10.0307],[76.2657,10.0279]]],[[[76.2613,10.029],[76.2593,10.0251],[76.2582,10.0251],[76.2596,10.0293],[76.2613,10.029]]],[[[76.2451,10.0626],[76.2451,10.0629],[76.2455,10.0627],[76.2451,10.0626]]]]}},{"type":"Feature","properties":{"name":"Kothamangalam","taluk":"Kothamangalam","matched":true,"gadm":"Kotamangalam"},"geometry":{"type":"MultiPolygon","coordinates":[[[[76.6979,9.9796],[76.6906,9.9803],[76.6877,9.9847],[76.6772,9.9815],[76.6646,9.9866],[76.6609,9.983],[76.6533,9.9927],[76.653,9.9995],[76.6547,10.0063],[76.6317,10.0056],[76.6134,9.9934],[76.6091,9.9955],[76.5931,9.9954],[76.5896,9.9946],[76.5836,9.9893],[76.5793,9.9889],[76.5717,9.993],[76.5822,10.0009],[76.5857,10.0199],[76.5819,10.025],[76.5468,10.0463],[76.5483,10.0499],[76.5473,10.0536],[76.5497,10.0576],[76.546,10.0694],[76.55,10.0784],[76.5633,10.0823],[76.5632,10.1065],[76.5669,10.1128],[76.5647,10.1222],[76.5734,10.1329],[76.5835,10.1377],[76.5901,10.1372],[76.5955,10.1425],[76.6234,10.1406],[76.6277,10.143],[76.6312,10.1539],[76.6369,10.1482],[76.646,10.1332],[76.6493,10.1318],[76.6537,10.1341],[76.6609,10.1336],[76.6868,10.11],[76.7033,10.0982],[76.7146,10.0868],[76.7301,10.0779],[76.7413,10.0648],[76.7576,10.0541],[76.7699,10.0523],[76.7755,10.044],[76.7744,10.0397],[76.7815,10.0339],[76.792,10.0313],[76.8042,10.0257],[76.8155,10.0177],[76.8273,10.0159],[76.8201,10.0071],[76.8171,10.0058],[76.8036,10.0113],[76.7921,10.0191],[76.7714,10.0272],[76.7536,10.0036],[76.7591,9.9924],[76.7585,9.9827],[76.7527,9.9814],[76.753,9.9742],[76.7357,9.9822],[76.7194,9.9774],[76.7139,9.9737],[76.7058,9.9798],[76.7039,9.9776],[76.6979,9.9796]]]]}},{"type":"Feature","properties":{"name":"Muvattupuzha","taluk":"Muvattupuzha","matched":true,"gadm":"Muvattupula"},"geometry":{"type":"MultiPolygon","coordinates":[[[[76.45,9.841],[76.4583,9.8515],[76.458,9.8668],[76.4535,9.8699],[76.4484,9.8782],[76.4437,9.8814],[76.442,9.8793],[76.4367,9.8796],[76.4323,9.8821],[76.4276,9.8903],[76.4197,9.892],[76.4143,9.8958],[76.4126,9.906],[76.4174,9.9059],[76.4204,9.909],[76.431,9.9117],[76.426,9.9179],[76.4324,9.9234],[76.432,9.931],[76.4343,9.9363],[76.4459,9.9316],[76.4488,9.9345],[76.453,9.9346],[76.4609,9.9291],[76.4616,9.9337],[76.4757,9.9454],[76.4793,9.9458],[76.4872,9.9407],[76.4888,9.9498],[76.4814,9.955],[76.4813,9.9594],[76.4974,9.9674],[76.4977,9.9709],[76.4953,9.9742],[76.4985,9.9878],[76.5107,9.9998],[76.5166,10.0001],[76.5182,9.9977],[76.5225,10.0002],[76.5257,9.9978],[76.5304,10.0001],[76.5268,10.0235],[76.5291,10.0313],[76.5292,10.0399],[76.5372,10.0435],[76.5415,10.0507],[76.5847,10.0226],[76.5857,10.0199],[76.5836,10.004],[76.5822,10.0009],[76.5717,9.993],[76.574,9.9908],[76.5793,9.9889],[76.5836,9.9893],[76.5896,9.9946],[76.5931,9.9954],[76.6091,9.9955],[76.6134,9.9934],[76.6317,10.0056],[76.6547,10.0063],[76.653,9.9995],[76.6533,9.9927],[76.6609,9.983],[76.6646,9.9866],[76.6772,9.9815],[76.6877,9.9847],[76.6906,9.9803],[76.6979,9.9796],[76.7043,9.9608],[76.7055,9.9505],[76.704,9.9475],[76.6973,9.9434],[76.6981,9.9403],[76.6921,9.9287],[76.6861,9.921],[76.6827,9.9224],[76.6781,9.9177],[76.6781,9.9145],[76.6876,9.9076],[76.6858,9.9022],[76.6822,9.8997],[76.6795,9.9001],[76.6728,9.9048],[76.6693,9.9111],[76.6671,9.9116],[76.6597,9.9117],[76.6547,9.9091],[76.6509,9.9091],[76.6374,9.9123],[76.63,9.9098],[76.6255,9.9105],[76.6226,9.9083],[76.619,9.9018],[76.6199,9.8952],[76.6186,9.8912],[76.6206,9.8776],[76.626,9.871],[76.6261,9.8673],[76.6216,9.861],[76.6201,9.8482],[76.6116,9.8502],[76.6004,9.8415],[76.6058,9.8349],[76.6011,9.8325],[76.598,9.8345],[76.5969,9.8321],[76.5917,9.8367],[76.5835,9.8385],[76.5743,9.834],[76.5707,9.8342],[76.5696,9.8248],[76.571,9.8195],[76.569,9.8154],[76.5638,9.8122],[76.5583,9.8154],[76.5551,9.8153],[76.5482,9.8082],[76.5462,9.7957],[76.536,9.7926],[76.534,9.7977],[76.5317,9.7987],[76.532,9.8053],[76.5303,9.806],[76.5287,9.8149],[76.5217,9.8171],[76.511,9.8168],[76.5025,9.8426],[76.4875,9.8442],[76.4756,9.8395],[76.4703,9.8407],[76.4635,9.837],[76.45,9.841]]]]}},{"type":"Feature","properties":{"name":"Paravur","taluk":"Paravur","matched":true,"gadm":"Parur"},"geometry":{"type":"MultiPolygon","coordinates":[[[[76.244,9.9785],[76.2429,9.9796],[76.2443,9.981],[76.2443,9.9785],[76.244,9.9785]]],[[[76.2451,10.0632],[76.2424,10.0651],[76.2432,10.0668],[76.2404,10.0704],[76.2418,10.0726],[76.2449,10.0707],[76.2482,10.0609],[76.2451,10.0632]]],[[[76.3085,10.1734],[76.3129,10.1762],[76.3147,10.1746],[76.3107,10.1618],[76.3185,10.1572],[76.3196,10.1421],[76.316,10.1314],[76.3192,10.113],[76.3287,10.1104],[76.3289,10.1051],[76.3342,10.1042],[76.3361,10.1013],[76.3314,10.083],[76.3256,10.0721],[76.3204,10.0669],[76.3197,10.0635],[76.3151,10.0594],[76.3105,10.0591],[76.3084,10.0563],[76.2977,10.0567],[76.2941,10.0547],[76.2999,10.0435],[76.2911,10.0372],[76.2851,10.0504],[76.2848,10.0609],[76.2655,10.0657],[76.2624,10.064],[76.2636,10.057],[76.261,10.0569],[76.2615,10.0588],[76.2585,10.0621],[76.2568,10.0613],[76.2574,10.0685],[76.2604,10.0663],[76.2601,10.0643],[76.2643,10.0679],[76.2671,10.0671],[76.2668,10.0718],[76.261,10.0701],[76.2624,10.0718],[76.2574,10.0846],[76.2599,10.084],[76.2649,10.0726],[76.2663,10.0746],[76.2607,10.0863],[76.259,10.0868],[76.2596,10.0901],[76.2582,10.0913],[76.2579,10.0857],[76.2562,10.0854],[76.256,10.0871],[76.2549,10.0838],[76.2529,10.0835],[76.2521,10.0854],[76.2535,10.0888],[76.2507,10.0882],[76.2521,10.0932],[76.2499,10.096],[76.2476,10.0951],[76.2487,10.0982],[76.2451,10.1026],[76.2421,10.1026],[76.2435,10.1049],[76.2418,10.1051],[76.2412,10.1088],[76.239,10.1085],[76.2399,10.1104],[76.2379,10.111],[76.2385,10.1124],[76.2368,10.1118],[76.2368,10.114],[76.2337,10.1129],[76.2304,10.114],[76.2279,10.1201],[76.2312,10.1215],[76.2274,10.1226],[76.2285,10.1249],[76.2257,10.1271],[76.2276,10.1251],[76.2254,10.124],[76.2279,10.1213],[76.2271,10.1201],[76.229,10.1138],[76.2351,10.111],[76.2354,10.1082],[76.2324,10.111],[76.231,10.1096],[76.2426,10.0763],[76.2421,10.0746],[76.2393,10.0751],[76.234,10.0849],[76.234,10.0876],[76.2299,10.0926],[76.2293,10.0962],[76.2315,10.0951],[76.231,10.0929],[76.2332,10.0951],[76.2307,10.0979],[76.2285,10.0979],[76.2271,10.1024],[76.2254,10.101],[76.229,10.0957],[76.2271,10.0946],[76.2157,10.1126],[76.2162,10.1157],[76.2188,10.1154],[76.2193,10.114],[76.2179,10.1132],[76.2243,10.1035],[76.2232,10.1088],[76.2263,10.1101],[76.2215,10.116],[76.2235,10.1174],[76.2213,10.1257],[76.2171,10.131],[76.2129,10.131],[76.2107,10.1338],[76.2113,10.1357],[76.2074,10.1351],[76.2126,10.1393],[76.2118,10.1432],[76.2054,10.1468],[76.2049,10.1443],[76.2065,10.1438],[76.2057,10.141],[76.2035,10.1407],[76.2043,10.1379],[76.2032,10.1376],[76.2071,10.1307],[76.2057,10.1301],[76.2038,10.1338],[76.2024,10.1321],[76.2074,10.1279],[76.2079,10.1207],[76.2129,10.1093],[76.214,10.1057],[76.2129,10.1035],[76.2176,10.0899],[76.2168,10.089],[76.2115,10.1043],[76.2085,10.1032],[76.2113,10.0926],[76.2104,10.0913],[76.2132,10.0901],[76.2138,10.0926],[76.2151,10.0926],[76.2157,10.0854],[76.214,10.0857],[76.2149,10.0876],[76.214,10.0893],[76.2124,10.0874],[76.2126,10.084],[76.2162,10.0821],[76.2193,10.0729],[76.221,10.0754],[76.2179,10.0815],[76.2182,10.0843],[76.2213,10.0843],[76.2226,10.081],[76.2215,10.0793],[76.2229,10.0768],[76.224,10.0774],[76.2235,10.0743],[76.2254,10.0726],[76.2254,10.0674],[76.2287,10.0632],[76.2276,10.0613],[76.2301,10.0599],[76.229,10.056],[76.2254,10.054],[76.2232,10.0671],[76.2199,10.0688],[76.2226,10.0607],[76.2226,10.0596],[76.2199,10.0599],[76.2199,10.0563],[76.2215,10.0532],[76.2246,10.0538],[76.2235,10.0512],[76.2268,10.0482],[76.2296,10.049],[76.2321,10.0474],[76.2326,10.0415],[76.2304,10.0407],[76.2332,10.0396],[76.2315,10.0351],[76.2337,10.0304],[76.2349,10.0335],[76.2335,10.0363],[76.2349,10.0365],[76.2349,10.0338],[76.2387,10.0304],[76.2393,10.0254],[76.2351,10.0299],[76.2332,10.0296],[76.2387,10.0229],[76.234,10.0185],[76.2304,10.0182],[76.2304,10.0168],[76.236,10.0174],[76.2371,10.016],[76.2371,10.0101],[76.2351,10.0099],[76.2376,10.0096],[76.2407,10.0024],[76.2399,9.9988],[76.2374,9.9968],[76.2396,9.9951],[76.2399,9.989],[76.2432,9.9832],[76.2421,9.9782],[76.2443,9.9765],[76.2454,9.9724],[76.241,9.9721],[76.2393,9.9743],[76.2346,9.9724],[76.2301,9.9729],[76.2235,9.9788],[76.2188,9.9954],[76.2157,10.0146],[76.2124,10.0257],[76.2107,10.0263],[76.209,10.0307],[76.2043,10.0499],[76.2015,10.0526],[76.1943,10.0832],[76.1896,10.0957],[76.1826,10.129],[76.176,10.1501],[76.1665,10.1715],[76.1663,10.1785],[76.1699,10.1832],[76.176,10.1832],[76.1777,10.174],[76.1854,10.1651],[76.1932,10.1624],[76.194,10.1557],[76.1982,10.1499],[76.199,10.1435],[76.2021,10.139],[76.2001,10.1468],[76.2018,10.1496],[76.2029,10.149],[76.2021,10.1476],[76.2038,10.1479],[76.2026,10.1504],[76.204,10.1518],[76.2015,10.1521],[76.201,10.149],[76.1996,10.149],[76.1935,10.1638],[76.1871,10.1657],[76.1843,10.171],[76.1796,10.1738],[76.1771,10.1835],[76.1939,10.1887],[76.2024,10.1894],[76.2039,10.1944],[76.2064,10.1948],[76.2111,10.2],[76.2179,10.1968],[76.2261,10.1957],[76.2302,10.1972],[76.2393,10.193],[76.2428,10.1942],[76.2541,10.1917],[76.2536,10.1893],[76.2509,10.1881],[76.2526,10.1816],[76.2585,10.1805],[76.2646,10.1724],[76.2657,10.1673],[76.287,10.1708],[76.2923,10.1766],[76.2958,10.1778],[76.3038,10.1737],[76.3085,10.1734]]],[[[76.2401,10.1021],[76.2465,10.0968],[76.2482,10.0907],[76.2435,10.0974],[76.2418,10.0968],[76.2418,10.0918],[76.2404,10.0918],[76.2401,10.0962],[76.2432,10.0979],[76.239,10.0988],[76.2379,10.1018],[76.2401,10.1021]]]]}},{"type":"Feature","properties":{"name":"Perumbavur","taluk":null,"matched":false,"gadm":"Perumbavur"},"geometry":{"type":"MultiPolygon","coordinates":[[[[76.3702,10.0291],[76.3775,10.0434],[76.3869,10.0531],[76.3859,10.0703],[76.3916,10.0741],[76.3977,10.0818],[76.3933,10.0897],[76.3991,10.0892],[76.396,10.0982],[76.4002,10.1045],[76.4033,10.1081],[76.4109,10.1086],[76.4241,10.115],[76.4352,10.1114],[76.4394,10.1123],[76.4421,10.1133],[76.4472,10.1202],[76.4466,10.1252],[76.4405,10.1303],[76.4392,10.1346],[76.4336,10.1412],[76.4235,10.1386],[76.4202,10.1398],[76.4197,10.1428],[76.4308,10.1564],[76.4365,10.1605],[76.4463,10.164],[76.4572,10.1749],[76.462,10.1763],[76.4706,10.1754],[76.4824,10.1771],[76.4919,10.1739],[76.4964,10.175],[76.5057,10.1861],[76.5124,10.1864],[76.5169,10.1901],[76.5376,10.1878],[76.5459,10.19],[76.5465,10.1956],[76.5422,10.1997],[76.5361,10.2029],[76.5309,10.2085],[76.528,10.2041],[76.5223,10.2063],[76.5215,10.2135],[76.5168,10.217],[76.4918,10.2215],[76.4872,10.2257],[76.4787,10.2236],[76.4604,10.2388],[76.4659,10.249],[76.4659,10.253],[76.4623,10.2565],[76.4512,10.2594],[76.4482,10.2673],[76.4365,10.271],[76.4211,10.283],[76.4394,10.2889],[76.4506,10.289],[76.4629,10.2845],[76.4835,10.2845],[76.4929,10.2794],[76.5151,10.2781],[76.5301,10.2808],[76.5418,10.2754],[76.5519,10.2769],[76.5617,10.2757],[76.5559,10.2857],[76.5676,10.2943],[76.5742,10.2911],[76.579,10.2909],[76.5815,10.2827],[76.5925,10.2744],[76.6069,10.2722],[76.611,10.2672],[76.6275,10.267],[76.6319,10.2688],[76.6347,10.2735],[76.6468,10.2729],[76.6519,10.2711],[76.6581,10.2641],[76.6771,10.2595],[76.6685,10.244],[76.6691,10.2326],[76.6636,10.2097],[76.6489,10.1911],[76.64,10.1838],[76.6277,10.143],[76.6234,10.1406],[76.5955,10.1425],[76.5901,10.1372],[76.5835,10.1377],[76.5734,10.1329],[76.5647,10.1222],[76.5669,10.1128],[76.5632,10.1065],[76.5633,10.0823],[76.55,10.0784],[76.5476,10.0747],[76.546,10.0694],[76.5497,10.0576],[76.5473,10.0536],[76.5483,10.0499],[76.5468,10.0463],[76.5415,10.0507],[76.5372,10.0435],[76.5292,10.0399],[76.5291,10.0313],[76.5268,10.0235],[76.5304,10.0001],[76.5257,9.9978],[76.5225,10.0002],[76.5182,9.9977],[76.5166,10.0001],[76.5107,9.9998],[76.4985,9.9878],[76.4953,9.9742],[76.4977,9.9709],[76.4974,9.9674],[76.4813,9.9594],[76.4814,9.955],[76.4888,9.9498],[76.4872,9.9407],[76.4793,9.9458],[76.4757,9.9454],[76.4616,9.9337],[76.4609,9.9291],[76.453,9.9346],[76.4488,9.9345],[76.4459,9.9316],[76.4343,9.9363],[76.432,9.931],[76.4324,9.9234],[76.426,9.9179],[76.431,9.9117],[76.4204,9.909],[76.4174,9.9059],[76.4126,9.906],[76.4096,9.9077],[76.4059,9.9161],[76.381,9.9281],[76.3682,9.9316],[76.3618,9.9398],[76.36,9.9501],[76.3572,9.9551],[76.3459,9.9663],[76.3444,9.9705],[76.3502,9.9847],[76.3547,9.9845],[76.3576,9.9893],[76.3591,10.0015],[76.3619,10.0016],[76.3629,10.0071],[76.3687,10.0104],[76.3702,10.0291]]]]}},{"type":"Feature","properties":{"name":"DEVIKULAM","taluk":"DEVIKULAM","matched":true,"gadm":"Devikolam"},"geometry":{"type":"MultiPolygon","coordinates":[[[[76.8273,10.0159],[76.8155,10.0177],[76.8042,10.0257],[76.792,10.0313],[76.7815,10.0339],[76.7744,10.0397],[76.7755,10.044],[76.7699,10.0523],[76.7576,10.0541],[76.7413,10.0648],[76.7301,10.0779],[76.7146,10.0868],[76.7033,10.0982],[76.6868,10.11],[76.6609,10.1336],[76.6537,10.1341],[76.6493,10.1318],[76.646,10.1332],[76.6369,10.1482],[76.6312,10.1539],[76.64,10.1838],[76.6489,10.1911],[76.6636,10.2097],[76.6691,10.2326],[76.6685,10.244],[76.6771,10.2595],[76.6873,10.2578],[76.6968,10.2621],[76.7181,10.2642],[76.7328,10.2672],[76.7381,10.2701],[76.7492,10.2618],[76.7588,10.2625],[76.7642,10.264],[76.7646,10.2693],[76.7784,10.27],[76.7832,10.2723],[76.7852,10.2694],[76.7878,10.2695],[76.7942,10.2776],[76.8078,10.2754],[76.8166,10.2718],[76.8184,10.2685],[76.8213,10.2684],[76.8241,10.2699],[76.8271,10.276],[76.8287,10.2762],[76.8332,10.2721],[76.8352,10.273],[76.8538,10.2646],[76.8549,10.2619],[76.857,10.2617],[76.8591,10.2641],[76.8667,10.2608],[76.8679,10.2551],[76.8741,10.2526],[76.8768,10.2492],[76.8831,10.2505],[76.8864,10.2453],[76.8918,10.2431],[76.8936,10.2374],[76.8923,10.2327],[76.8987,10.2326],[76.9012,10.2278],[76.9055,10.2248],[76.9093,10.2232],[76.9203,10.2254],[76.925,10.2298],[76.9278,10.2296],[76.9392,10.2211],[76.9459,10.2228],[76.9588,10.2187],[76.9708,10.2087],[76.9815,10.2199],[76.9873,10.2199],[76.9914,10.223],[76.9937,10.2277],[76.9994,10.2298],[77.0067,10.2364],[77.0152,10.2376],[77.016,10.241],[77.0186,10.2418],[77.0303,10.2429],[77.0386,10.2482],[77.0425,10.262],[77.0338,10.2722],[77.0461,10.2743],[77.0533,10.2799],[77.0511,10.2829],[77.0519,10.2855],[77.0608,10.2865],[77.0734,10.2958],[77.0922,10.3043],[77.1007,10.3045],[77.1083,10.3072],[77.1193,10.3155],[77.1341,10.3237],[77.163,10.3463],[77.1814,10.3432],[77.189,10.3462],[77.1927,10.3434],[77.1995,10.342],[77.2222,10.3403],[77.2225,10.3285],[77.2183,10.322],[77.2145,10.3058],[77.2172,10.298],[77.2209,10.296],[77.2319,10.2772],[77.2505,10.2538],[77.2453,10.2486],[77.2448,10.2452],[77.2465,10.2206],[77.2512,10.2244],[77.2542,10.2233],[77.2556,10.2255],[77.2588,10.2239],[77.27,10.2243],[77.2748,10.2205],[77.2804,10.2073],[77.2791,10.204],[77.2739,10.2015],[77.273,10.1978],[77.2697,10.1968],[77.2714,10.1941],[77.2694,10.1871],[77.2644,10.1797],[77.2591,10.1554],[77.2596,10.1412],[77.2574,10.1359],[77.2576,10.1322],[77.261,10.1287],[77.2598,10.1191],[77.255,10.1163],[77.2533,10.1114],[77.2399,10.1141],[77.2305,10.1201],[77.2251,10.1185],[77.2187,10.1113],[77.2033,10.1036],[77.1979,10.1065],[77.1946,10.1062],[77.1881,10.0957],[77.1878,10.0925],[77.1899,10.091],[77.1907,10.0812],[77.1952,10.0735],[77.1794,10.0597],[77.172,10.065],[77.1576,10.0537],[77.1542,10.0501],[77.1468,10.0337],[77.1269,10.035],[77.1068,10.0272],[77.1008,10.0265],[77.0907,10.0297],[77.0859,10.0335],[77.0657,10.0312],[77.058,10.0269],[77.0452,10.0062],[77.0562,10.0019],[77.0482,9.9838],[77.0506,9.9801],[77.0473,9.9726],[77.0426,9.972],[77.0407,9.968],[77.0325,9.9654],[77.0279,9.9673],[77.0179,9.9668],[77.0152,9.9635],[77.0096,9.9649],[77.0069,9.9627],[76.9944,9.9705],[76.9858,9.9716],[76.9822,9.9674],[76.9717,9.9409],[76.9512,9.9464],[76.9347,9.9552],[76.9283,9.9609],[76.9195,9.9649],[76.9126,9.9701],[76.8913,9.9787],[76.8307,10.016],[76.8273,10.0159]]]]}},{"type":"Feature","properties":{"name":"PEERUMADE","taluk":"PEERUMADE","matched":true,"gadm":"Pirmed"},"geometry":{"type":"MultiPolygon","coordinates":[[[[76.852,9.7234],[76.871,9.7369],[76.8802,9.7406],[76.9328,9.7122],[76.9389,9.7106],[76.9666,9.7086],[76.9853,9.7114],[76.9961,9.7087],[77.0017,9.7104],[77.0126,9.7106],[77.0151,9.7084],[77.0171,9.7029],[77.0136,9.6964],[77.0138,9.6907],[77.0083,9.6883],[77.0109,9.683],[77.0132,9.6699],[77.0061,9.6588],[77.0045,9.6502],[76.9984,9.6504],[77.0009,9.6451],[77.0097,9.643],[77.031,9.6323],[77.0353,9.6405],[77.0661,9.6587],[77.0692,9.6584],[77.0774,9.6555],[77.0766,9.6483],[77.0796,9.6397],[77.0861,9.6395],[77.1068,9.6334],[77.1136,9.6366],[77.1199,9.6342],[77.1204,9.6369],[77.1262,9.6382],[77.1297,9.6335],[77.1397,9.6309],[77.1416,9.6281],[77.1515,9.63],[77.1607,9.6273],[77.1622,9.6198],[77.1546,9.614],[77.1549,9.6084],[77.1519,9.606],[77.1555,9.6015],[77.1673,9.6007],[77.1746,9.5972],[77.1791,9.6015],[77.184,9.6024],[77.186,9.6059],[77.1959,9.6042],[77.1966,9.5957],[77.2008,9.5924],[77.2054,9.5923],[77.2086,9.5888],[77.2091,9.5844],[77.2228,9.5728],[77.2299,9.5759],[77.2389,9.5734],[77.2505,9.5654],[77.255,9.565],[77.2579,9.5682],[77.2611,9.5667],[77.2753,9.5766],[77.275,9.581],[77.2795,9.5801],[77.2865,9.5873],[77.3043,9.593],[77.309,9.5888],[77.3137,9.5901],[77.3148,9.5886],[77.3108,9.5845],[77.312,9.5782],[77.3098,9.576],[77.3107,9.5704],[77.321,9.5674],[77.3248,9.5632],[77.3285,9.5732],[77.3409,9.5951],[77.3511,9.5893],[77.3492,9.5865],[77.3448,9.5876],[77.3432,9.5848],[77.3409,9.5776],[77.3453,9.5673],[77.3437,9.5638],[77.3405,9.5641],[77.3359,9.5568],[77.3381,9.5503],[77.3466,9.5486],[77.3488,9.5462],[77.3506,9.5403],[77.3505,9.5263],[77.3547,9.5239],[77.361,9.5162],[77.3663,9.5148],[77.3707,9.5087],[77.3868,9.5167],[77.3864,9.5068],[77.3901,9.5046],[77.3949,9.5044],[77.3962,9.4965],[77.3879,9.491],[77.3855,9.4862],[77.3841,9.4698],[77.3868,9.4674],[77.3822,9.4612],[77.3774,9.4587],[77.3786,9.4508],[77.3722,9.4453],[77.3636,9.4433],[77.3602,9.4437],[77.3566,9.4479],[77.3516,9.4497],[77.3454,9.4453],[77.3429,9.4404],[77.3343,9.4311],[77.3346,9.4239],[77.3319,9.4214],[77.3301,9.4152],[77.3217,9.4057],[77.3214,9.4018],[77.3274,9.3941],[77.3276,9.3898],[77.3249,9.3835],[77.3258,9.3787],[77.3198,9.3761],[77.3195,9.3633],[77.323,9.3586],[77.32,9.3548],[77.3206,9.3511],[77.3097,9.3346],[77.3113,9.3279],[77.3001,9.325],[77.2906,9.3277],[77.2841,9.3275],[77.2852,9.3212],[77.2823,9.3196],[77.2854,9.3156],[77.2868,9.3101],[77.2835,9.3009],[77.2777,9.2953],[77.2668,9.2909],[77.2671,9.2817],[77.2741,9.2632],[77.2676,9.2624],[77.2518,9.2704],[77.2454,9.2712],[77.2413,9.2766],[77.2309,9.2799],[77.2297,9.2731],[77.2255,9.2761],[77.2232,9.2736],[77.2211,9.2836],[77.214,9.2882],[77.211,9.2872],[77.2104,9.3048],[77.2208,9.3167],[77.2171,9.3225],[77.2238,9.3306],[77.2205,9.3402],[77.2268,9.3495],[77.2277,9.3605],[77.2334,9.3723],[77.2321,9.3763],[77.214,9.4018],[77.2165,9.4072],[77.2148,9.4107],[77.2104,9.4095],[77.2097,9.4131],[77.207,9.4156],[77.2085,9.4238],[77.1986,9.4297],[77.1959,9.4339],[77.1917,9.4326],[77.1942,9.4371],[77.1893,9.4421],[77.1862,9.4404],[77.1819,9.4418],[77.1768,9.4404],[77.174,9.4413],[77.1723,9.4462],[77.1694,9.4452],[77.1669,9.4485],[77.1695,9.4544],[77.1675,9.4554],[77.1657,9.4617],[77.1537,9.452],[77.1538,9.4565],[77.1524,9.4556],[77.1513,9.4609],[77.14,9.4605],[77.1278,9.4519],[77.1259,9.4614],[77.1284,9.4771],[77.1263,9.4807],[77.1161,9.4831],[77.1048,9.4693],[77.089,9.4698],[77.0725,9.4527],[77.0582,9.4465],[77.0547,9.4461],[77.0479,9.4505],[77.0437,9.4512],[77.0393,9.4514],[77.0354,9.448],[77.0332,9.4426],[77.0419,9.4248],[77.0523,9.408],[77.0389,9.4088],[77.0218,9.404],[77.0145,9.399],[77.0066,9.3983],[76.9988,9.4005],[76.9992,9.4114],[76.9902,9.4104],[76.9846,9.4147],[76.9775,9.4141],[76.963,9.4165],[76.9484,9.4212],[76.9253,9.4216],[76.9306,9.4261],[76.9249,9.4322],[76.927,9.4367],[76.9344,9.4379],[76.9461,9.4517],[76.9516,9.4543],[76.9697,9.4586],[76.9717,9.4649],[76.9717,9.4689],[76.9689,9.4728],[76.9704,9.4766],[76.961,9.4921],[76.9523,9.4981],[76.9455,9.492],[76.9406,9.4823],[76.9335,9.4827],[76.9224,9.4958],[76.9179,9.4944],[76.8921,9.5153],[76.8884,9.5278],[76.8754,9.5289],[76.8733,9.5503],[76.874,9.5594],[76.8704,9.5702],[76.8725,9.5728],[76.881,9.5765],[76.8794,9.5927],[76.8753,9.6088],[76.8813,9.6132],[76.8803,9.6176],[76.8859,9.6239],[76.891,9.6248],[76.8995,9.617],[76.9178,9.6062],[76.9225,9.6115],[76.9081,9.6299],[76.9081,9.6349],[76.915,9.6401],[76.9151,9.6427],[76.9058,9.6514],[76.8995,9.661],[76.8915,9.6671],[76.8904,9.6758],[76.8782,9.7022],[76.8738,9.7085],[76.8622,9.7136],[76.852,9.7234]]]]}},{"type":"Feature","properties":{"name":"Thodupuzha","taluk":"Thodupuzha","matched":true,"gadm":"Todupulai"},"geometry":{"type":"MultiPolygon","coordinates":[[[[76.6979,9.9796],[76.7039,9.9776],[76.7058,9.9798],[76.7139,9.9737],[76.7194,9.9774],[76.7357,9.9822],[76.753,9.9742],[76.7527,9.9814],[76.7585,9.9827],[76.7591,9.9924],[76.7536,10.0036],[76.7714,10.0272],[76.7921,10.0191],[76.8036,10.0113],[76.8171,10.0058],[76.8201,10.0071],[76.8273,10.0159],[76.8307,10.016],[76.8913,9.9787],[76.9126,9.9701],[76.9195,9.9649],[76.9283,9.9609],[76.9347,9.9552],[76.9512,9.9464],[76.9717,9.9409],[76.9673,9.9311],[76.962,9.927],[76.9587,9.9217],[76.9597,9.9174],[76.9657,9.9096],[76.96,9.9011],[76.9633,9.8887],[76.9608,9.8786],[76.9564,9.8717],[76.9537,9.855],[76.9598,9.8406],[76.9621,9.8384],[76.9668,9.8375],[76.965,9.8318],[76.9624,9.8336],[76.9588,9.8302],[76.9704,9.8223],[76.9787,9.8109],[76.9855,9.8128],[76.9898,9.8039],[77.0113,9.7882],[77.0159,9.7864],[77.0142,9.7838],[77.0148,9.7809],[77.0193,9.7759],[77.0115,9.767],[77.012,9.7642],[77.008,9.7634],[77.0004,9.7573],[77.0009,9.7515],[76.998,9.7416],[77.0032,9.7267],[77.0006,9.7194],[77.0126,9.7106],[77.0017,9.7104],[76.9961,9.7087],[76.9853,9.7114],[76.9666,9.7086],[76.9389,9.7106],[76.9328,9.7122],[76.8802,9.7406],[76.871,9.7369],[76.8468,9.7206],[76.8407,9.7256],[76.8223,9.75],[76.8162,9.7545],[76.8157,9.7588],[76.8003,9.7755],[76.7699,9.7968],[76.7553,9.8009],[76.7441,9.8069],[76.7334,9.7958],[76.7291,9.7965],[76.7182,9.8034],[76.7084,9.8063],[76.6959,9.815],[76.6877,9.8182],[76.6856,9.8242],[76.6751,9.8259],[76.6705,9.8309],[76.6649,9.8309],[76.6595,9.8358],[76.6504,9.8314],[76.6365,9.8341],[76.6225,9.8389],[76.618,9.8419],[76.6212,9.8525],[76.6216,9.861],[76.6261,9.8673],[76.626,9.871],[76.6206,9.8776],[76.6186,9.8912],[76.6205,9.9058],[76.6255,9.9105],[76.63,9.9098],[76.6374,9.9123],[76.6509,9.9091],[76.6547,9.9091],[76.6597,9.9117],[76.6671,9.9116],[76.6693,9.9111],[76.6728,9.9048],[76.6795,9.9001],[76.6822,9.8997],[76.6858,9.9022],[76.6876,9.9076],[76.6781,9.9145],[76.6781,9.9177],[76.6827,9.9224],[76.6861,9.921],[76.6921,9.9287],[76.6981,9.9403],[76.6973,9.9434],[76.704,9.9475],[76.7055,9.9505],[76.7043,9.9608],[76.6979,9.9796]]]]}},{"type":"Feature","properties":{"name":"UDUMBANCHOLA","taluk":"UDUMBANCHOLA","matched":true,"gadm":"Udumbanchola"},"geometry":{"type":"MultiPolygon","coordinates":[[[[76.9717,9.9409],[76.9822,9.9674],[76.9858,9.9716],[76.9944,9.9705],[77.0069,9.9627],[77.0096,9.9649],[77.0152,9.9635],[77.0179,9.9668],[77.0279,9.9673],[77.0325,9.9654],[77.0407,9.968],[77.0426,9.972],[77.0473,9.9726],[77.0506,9.9801],[77.0482,9.9838],[77.0562,10.0019],[77.0452,10.0062],[77.058,10.0269],[77.0657,10.0312],[77.0859,10.0335],[77.0907,10.0297],[77.1008,10.0265],[77.1068,10.0272],[77.1269,10.035],[77.1468,10.0337],[77.1542,10.0501],[77.1576,10.0537],[77.172,10.065],[77.1794,10.0597],[77.1952,10.0735],[77.2044,10.0685],[77.2129,10.0585],[77.2182,10.0569],[77.2245,10.0455],[77.2371,10.0352],[77.2423,10.0262],[77.2481,10.0202],[77.2489,10.0158],[77.2407,10.0029],[77.2409,10.0001],[77.2477,9.9948],[77.2479,9.9912],[77.2451,9.9862],[77.2467,9.9815],[77.2508,9.9814],[77.2488,9.9774],[77.2498,9.9728],[77.2614,9.9637],[77.259,9.9534],[77.2499,9.9425],[77.2402,9.9431],[77.2366,9.9414],[77.2359,9.9434],[77.2347,9.9428],[77.2345,9.9381],[77.2219,9.9228],[77.2169,9.9058],[77.2044,9.8943],[77.2065,9.8778],[77.2027,9.8747],[77.1991,9.866],[77.2092,9.8538],[77.2133,9.852],[77.2183,9.8535],[77.2237,9.849],[77.2237,9.843],[77.2138,9.8385],[77.2134,9.8329],[77.215,9.8309],[77.2089,9.8145],[77.2124,9.8129],[77.219,9.8133],[77.2195,9.8088],[77.2271,9.8063],[77.2328,9.7973],[77.232,9.7944],[77.234,9.7885],[77.2267,9.7868],[77.2225,9.7818],[77.2098,9.7799],[77.2107,9.7664],[77.2186,9.76],[77.2124,9.7554],[77.2114,9.7452],[77.206,9.7375],[77.2082,9.7217],[77.1999,9.7173],[77.1899,9.7155],[77.189,9.6975],[77.1917,9.6862],[77.1859,9.6782],[77.1848,9.6715],[77.1822,9.6687],[77.1796,9.6604],[77.1725,9.6562],[77.1731,9.6518],[77.1689,9.6516],[77.1657,9.6482],[77.1659,9.638],[77.1606,9.6302],[77.1607,9.6273],[77.1515,9.63],[77.1416,9.6281],[77.1397,9.6309],[77.1297,9.6335],[77.1262,9.6382],[77.1204,9.6369],[77.1199,9.6342],[77.1136,9.6366],[77.1068,9.6334],[77.0861,9.6395],[77.0796,9.6397],[77.0766,9.6483],[77.0774,9.6555],[77.0692,9.6584],[77.0661,9.6587],[77.0353,9.6405],[77.031,9.6323],[77.0097,9.643],[77.0009,9.6451],[76.9984,9.6504],[77.0045,9.6502],[77.0061,9.6588],[77.0132,9.6699],[77.0109,9.683],[77.0083,9.6883],[77.0138,9.6907],[77.0136,9.6964],[77.0171,9.7029],[77.0151,9.7084],[77.0006,9.7194],[77.0032,9.7267],[76.998,9.7416],[77.0009,9.7515],[77.0004,9.7573],[77.008,9.7634],[77.012,9.7642],[77.0115,9.767],[77.0193,9.7759],[77.0148,9.7809],[77.0142,9.7838],[77.0159,9.7864],[77.0113,9.7882],[76.9898,9.8039],[76.9855,9.8128],[76.9787,9.8109],[76.9704,9.8223],[76.9588,9.8302],[76.9624,9.8336],[76.965,9.8318],[76.9668,9.8375],[76.9621,9.8384],[76.9598,9.8406],[76.9537,9.855],[76.9564,9.8717],[76.9608,9.8786],[76.9633,9.8887],[76.96,9.9011],[76.9657,9.9096],[76.9597,9.9174],[76.9587,9.9217],[76.962,9.927],[76.9673,9.9311],[76.9717,9.9409]]]]}},{"type":"Feature","properties":{"name":"Kannur","taluk":"Kannur","matched":true,"gadm":"Cannanore"},"geometry":{"type":"MultiPolygon","coordinates":[[[[75.3268,12.0011],[75.329,11.9981],[75.3333,11.9983],[75.3356,11.9959],[75.3316,11.989],[75.3317,11.9844],[75.3738,11.9801],[75.3759,11.9784],[75.3765,11.9697],[75.3801,11.9619],[75.3768,11.9575],[75.3764,11.9534],[75.3809,11.9524],[75.3874,11.9607],[75.3979,11.9641],[75.3986,11.9608],[75.3949,11.9551],[75.3986,11.9546],[75.4018,11.9516],[75.4003,11.9475],[75.4018,11.941],[75.4101,11.9294],[75.4058,11.916],[75.407,11.9115],[75.4115,11.9097],[75.4161,11.9157],[75.4223,11.9179],[75.4298,11.9381],[75.4381,11.9422],[75.4475,11.9361],[75.4594,11.9243],[75.4767,11.899],[75.4812,11.899],[75.4916,11.9071],[75.4979,11.9086],[75.5062,11.9082],[75.5118,11.9059],[75.5162,11.8954],[75.5127,11.8904],[75.506,11.885],[75.5063,11.8727],[75.503,11.8639],[75.5018,11.8539],[75.5035,11.8455],[75.4968,11.8405],[75.489,11.8387],[75.4867,11.8331],[75.4867,11.828],[75.4894,11.8249],[75.4925,11.8292],[75.4969,11.829],[75.5012,11.8215],[75.5007,11.8172],[75.4958,11.818],[75.4869,11.8148],[75.4809,11.8162],[75.4745,11.8124],[75.4631,11.8106],[75.4601,11.8058],[75.4601,11.8074],[75.4587,11.8074],[75.459,11.8029],[75.4621,11.7985],[75.4612,11.7846],[75.4593,11.7782],[75.454,11.7785],[75.4474,11.7818],[75.4479,11.7865],[75.4465,11.7901],[75.4354,11.806],[75.4326,11.8079],[75.4296,11.8068],[75.4257,11.8104],[75.4157,11.8251],[75.4079,11.8326],[75.4051,11.8382],[75.4032,11.8379],[75.3976,11.8415],[75.3935,11.8485],[75.3838,11.8568],[75.3793,11.859],[75.3746,11.8579],[75.3726,11.856],[75.374,11.8524],[75.3707,11.8532],[75.3668,11.8513],[75.3637,11.8537],[75.3629,11.8568],[75.3551,11.8599],[75.3521,11.8713],[75.3315,11.8974],[75.3249,11.9038],[75.3182,11.9054],[75.3179,11.9085],[75.3201,11.9113],[75.3187,11.916],[75.2987,11.9435],[75.3032,11.9471],[75.3054,11.9471],[75.3376,11.9324],[75.346,11.9321],[75.3474,11.9301],[75.3529,11.9315],[75.3565,11.9285],[75.364,11.9304],[75.3685,11.9379],[75.3721,11.9396],[75.3754,11.9374],[75.3776,11.9274],[75.3854,11.9257],[75.3851,11.9165],[75.3885,11.9146],[75.3951,11.9168],[75.3993,11.9154],[75.399,11.9196],[75.3926,11.9196],[75.3893,11.9179],[75.3913,11.9254],[75.3887,11.9299],[75.3849,11.9315],[75.3788,11.9301],[75.3782,11.9393],[75.3729,11.9421],[75.3749,11.9565],[75.3735,11.9574],[75.3701,11.9513],[75.3635,11.946],[75.3615,11.941],[75.3618,11.9343],[75.3571,11.9313],[75.3432,11.9362],[75.3354,11.9435],[75.3168,11.9468],[75.3179,11.9513],[75.3118,11.9635],[75.3101,11.9643],[75.3096,11.9699],[75.3043,11.9713],[75.3037,11.9688],[75.3054,11.969],[75.3079,11.9663],[75.3065,11.9632],[75.3101,11.9618],[75.3143,11.9568],[75.3154,11.9521],[75.3143,11.9496],[75.3112,11.9524],[75.3068,11.9532],[75.3068,11.9571],[75.2982,11.9688],[75.2918,11.9824],[75.2893,11.9829],[75.2904,11.9868],[75.2821,11.9932],[75.279,12.0021],[75.2729,12.0065],[75.2729,12.0035],[75.2785,11.9988],[75.2799,11.9957],[75.2785,11.9946],[75.2746,11.9996],[75.266,12.006],[75.2663,12.0182],[75.2682,12.0235],[75.2774,12.0224],[75.2851,12.0188],[75.2849,12.0154],[75.2921,12.0049],[75.2946,12.0063],[75.2954,12.0101],[75.2987,12.0035],[75.2996,12.006],[75.3024,12.0071],[75.3079,12.006],[75.3085,12.0024],[75.316,12.004],[75.3165,12.006],[75.3266,12.0047],[75.3268,12.0011]]],[[[75.3685,11.9418],[75.3671,11.9382],[75.3643,11.936],[75.3649,11.9388],[75.3665,11.9404],[75.3674,11.9435],[75.3685,11.9418]]],[[[75.3657,11.9407],[75.364,11.9379],[75.3637,11.9379],[75.3668,11.9435],[75.3657,11.9407]]],[[[75.3318,12.0382],[75.3315,12.0382],[75.3315,12.0385],[75.3321,12.0385],[75.3318,12.0382]]],[[[75.3015,11.9629],[75.3024,11.9612],[75.3024,11.9596],[75.2999,11.9635],[75.3015,11.9629]]],[[[75.2971,11.9679],[75.2988,11.9657],[75.2985,11.9651],[75.2951,11.9676],[75.2971,11.9679]]],[[[75.2868,11.9865],[75.2935,11.976],[75.2962,11.9693],[75.2924,11.9704],[75.289,11.9749],[75.2849,11.9857],[75.2851,11.9871],[75.2868,11.9865]]],[[[75.2979,12.016],[75.294,12.0126],[75.2879,12.0143],[75.289,12.0154],[75.2924,12.0138],[75.2926,12.0157],[75.2962,12.0174],[75.2979,12.0174],[75.2979,12.016]]],[[[75.2982,12.0232],[75.2999,12.0224],[75.2954,12.0221],[75.2957,12.0238],[75.2982,12.0232]]],[[[75.329,12.052],[75.3318,12.0487],[75.3357,12.0484],[75.3299,12.0385],[75.3257,12.039],[75.3215,12.0474],[75.3165,12.0479],[75.3112,12.044],[75.3107,12.0368],[75.3071,12.0343],[75.3082,12.0371],[75.3068,12.0415],[75.3099,12.0487],[75.3132,12.0469],[75.325,12.0524],[75.329,12.052]]],[[[75.3327,12.0398],[75.3326,12.0397],[75.3326,12.0399],[75.3327,12.0398]]],[[[75.3331,12.0401],[75.3329,12.0404],[75.3335,12.0404],[75.3331,12.0401]]]]}},{"type":"Feature","properties":{"name":"Talipparamba","taluk":null,"matched":false,"gadm":"Talipparamba"},"geometry":{"type":"MultiPolygon","coordinates":[[[[75.4237,12.287],[75.4307,12.292],[75.4584,12.2886],[75.4672,12.2954],[75.4827,12.2862],[75.4867,12.2815],[75.4925,12.2668],[75.494,12.2651],[75.5039,12.2632],[75.5039,12.2597],[75.5111,12.2533],[75.5193,12.2359],[75.5199,12.2332],[75.5185,12.2306],[75.5234,12.2289],[75.5253,12.2196],[75.5379,12.2111],[75.5369,12.2035],[75.533,12.1991],[75.5337,12.1961],[75.5379,12.1954],[75.5404,12.1924],[75.5439,12.192],[75.5488,12.1884],[75.5511,12.1844],[75.5524,12.1761],[75.5553,12.1763],[75.5596,12.1687],[75.5704,12.1655],[75.5768,12.1508],[75.5827,12.1504],[75.5872,12.1483],[75.5914,12.143],[75.5976,12.1465],[75.6081,12.1487],[75.6113,12.1459],[75.6171,12.1489],[75.6269,12.1451],[75.6294,12.1416],[75.6351,12.1424],[75.6368,12.1404],[75.6376,12.1338],[75.6407,12.1332],[75.6439,12.1271],[75.643,12.1199],[75.6475,12.1148],[75.6481,12.1056],[75.6516,12.104],[75.6582,12.0943],[75.6624,12.0912],[75.6727,12.0907],[75.6783,12.0931],[75.6842,12.1022],[75.692,12.1026],[75.7016,12.1003],[75.7007,12.0835],[75.7065,12.0828],[75.7171,12.0784],[75.7142,12.0692],[75.7147,12.0653],[75.7171,12.0621],[75.7095,12.0588],[75.6778,12.036],[75.6779,12.0317],[75.6802,12.029],[75.6692,12.0161],[75.6683,12.0117],[75.6603,12.0144],[75.6573,12.0128],[75.6529,12.0021],[75.6456,11.9951],[75.6385,11.982],[75.6238,11.981],[75.616,11.9731],[75.6111,11.9738],[75.5992,11.9668],[75.5951,11.9679],[75.5958,11.9728],[75.5939,11.9766],[75.5882,11.975],[75.5705,11.9777],[75.5605,11.9764],[75.5533,11.9702],[75.5492,11.9612],[75.5457,11.9602],[75.5413,11.9665],[75.5443,11.9701],[75.5446,11.9741],[75.5423,11.9851],[75.5367,11.9863],[75.5234,11.9837],[75.5062,11.983],[75.5053,11.9719],[75.5006,11.9608],[75.5014,11.9512],[75.482,11.9344],[75.4768,11.9313],[75.4702,11.9306],[75.4669,11.9263],[75.4594,11.9243],[75.4475,11.9361],[75.4381,11.9422],[75.4298,11.9381],[75.4223,11.9179],[75.4161,11.9157],[75.4115,11.9097],[75.407,11.9115],[75.4058,11.916],[75.4101,11.9294],[75.4018,11.941],[75.4003,11.9475],[75.4018,11.9516],[75.3986,11.9546],[75.3949,11.9551],[75.3986,11.9608],[75.3979,11.9641],[75.3874,11.9607],[75.3809,11.9524],[75.3764,11.9534],[75.3768,11.9575],[75.3801,11.9619],[75.3765,11.9697],[75.3759,11.9784],[75.3738,11.9801],[75.3317,11.9844],[75.3316,11.989],[75.3356,11.9959],[75.3333,11.9983],[75.329,11.9981],[75.3268,12.0011],[75.3266,12.0047],[75.3165,12.006],[75.3138,12.0085],[75.3143,12.0104],[75.319,12.0115],[75.326,12.0096],[75.3285,12.0124],[75.3296,12.009],[75.3304,12.011],[75.3332,12.0101],[75.3321,12.0135],[75.3232,12.0115],[75.3185,12.0143],[75.3121,12.0151],[75.3085,12.0132],[75.3065,12.016],[75.2993,12.0157],[75.3004,12.0182],[75.3043,12.0176],[75.3057,12.0193],[75.3032,12.0221],[75.304,12.0249],[75.3012,12.0279],[75.3018,12.0296],[75.3057,12.0324],[75.3118,12.0326],[75.3118,12.0365],[75.3135,12.0374],[75.3121,12.0412],[75.3162,12.0463],[75.3213,12.0457],[75.3251,12.0382],[75.3282,12.036],[75.3337,12.0407],[75.3346,12.0465],[75.3393,12.0482],[75.3318,12.0487],[75.329,12.052],[75.325,12.0524],[75.3132,12.0469],[75.3088,12.0538],[75.3048,12.0529],[75.3007,12.058],[75.2962,12.0592],[75.2992,12.0668],[75.3092,12.0784],[75.3148,12.0876],[75.3096,12.0906],[75.3091,12.1027],[75.3129,12.1053],[75.3282,12.1073],[75.33,12.1026],[75.336,12.0986],[75.3399,12.0983],[75.3519,12.1089],[75.3553,12.1094],[75.3579,12.1129],[75.3659,12.1169],[75.3685,12.1213],[75.3755,12.1234],[75.3793,12.1221],[75.3799,12.1264],[75.3823,12.1291],[75.3831,12.124],[75.3922,12.1263],[75.3982,12.1299],[75.4022,12.1341],[75.4025,12.1368],[75.3998,12.1405],[75.3939,12.1455],[75.3784,12.146],[75.3746,12.1491],[75.3667,12.1354],[75.3478,12.1353],[75.3462,12.1386],[75.3419,12.1372],[75.3352,12.144],[75.3252,12.1449],[75.3143,12.1401],[75.3112,12.1365],[75.3099,12.132],[75.3107,12.1247],[75.2928,12.1161],[75.2839,12.115],[75.2778,12.1018],[75.2745,12.1003],[75.266,12.1037],[75.2599,12.1089],[75.2559,12.1086],[75.2474,12.1037],[75.2434,12.1047],[75.2405,12.1093],[75.2366,12.1102],[75.2231,12.1048],[75.2211,12.101],[75.2223,12.0782],[75.2242,12.0744],[75.2237,12.0545],[75.2274,12.0443],[75.2249,12.032],[75.2311,12.0246],[75.2265,12.0227],[75.2207,12.0126],[75.2171,12.0101],[75.2079,12.0107],[75.2071,12.0071],[75.2029,12.0049],[75.2007,12.0068],[75.2015,12.0099],[75.1815,12.0482],[75.1835,12.0476],[75.1849,12.0437],[75.1876,12.0454],[75.1849,12.0518],[75.1868,12.0557],[75.1837,12.059],[75.1824,12.0654],[75.1776,12.074],[75.1782,12.0788],[75.1868,12.089],[75.1893,12.0896],[75.1915,12.0865],[75.1912,12.0793],[75.1951,12.0701],[75.2015,12.0704],[75.2076,12.0735],[75.2143,12.0668],[75.2196,12.0676],[75.2204,12.0693],[75.2188,12.0715],[75.2176,12.069],[75.214,12.0687],[75.2068,12.0746],[75.204,12.0743],[75.201,12.0715],[75.1957,12.0715],[75.1921,12.0813],[75.1924,12.0882],[75.189,12.0913],[75.186,12.091],[75.179,12.0829],[75.1749,12.0838],[75.1743,12.0871],[75.1726,12.0857],[75.1726,12.0893],[75.1771,12.0904],[75.1746,12.0946],[75.1771,12.099],[75.1826,12.0938],[75.1876,12.0938],[75.1912,12.0971],[75.1907,12.099],[75.1935,12.1032],[75.1915,12.1071],[75.1921,12.1118],[75.1965,12.1129],[75.1957,12.1154],[75.1974,12.1174],[75.1929,12.121],[75.1926,12.1235],[75.1888,12.1282],[75.1899,12.1304],[75.1924,12.1299],[75.1921,12.1326],[75.1882,12.131],[75.1933,12.1387],[75.1898,12.144],[75.1883,12.1581],[75.1853,12.168],[75.1746,12.1804],[75.1722,12.1867],[75.1948,12.1899],[75.2005,12.1878],[75.2041,12.1891],[75.2231,12.2057],[75.2294,12.2149],[75.2318,12.2158],[75.2413,12.213],[75.2544,12.2149],[75.2607,12.2203],[75.276,12.2242],[75.2815,12.2293],[75.289,12.23],[75.2914,12.2318],[75.2922,12.2372],[75.2882,12.2531],[75.2993,12.2634],[75.3194,12.2676],[75.3344,12.262],[75.3396,12.264],[75.3465,12.2628],[75.3628,12.2716],[75.3663,12.2766],[75.3787,12.2785],[75.3851,12.2825],[75.3863,12.2896],[75.3897,12.2904],[75.3915,12.2893],[75.391,12.2831],[75.3971,12.2868],[75.4237,12.287]]],[[[75.194,12.116],[75.1943,12.1138],[75.1918,12.1138],[75.1924,12.1157],[75.194,12.116]]]]}},{"type":"Feature","properties":{"name":"Thalassery","taluk":"Thalassery","matched":true,"gadm":"Tellicherry"},"geometry":{"type":"MultiPolygon","coordinates":[[[[75.7171,12.0621],[75.7281,12.0641],[75.7389,12.0722],[75.7476,12.0734],[75.7519,12.0774],[75.763,12.0786],[75.7837,12.0764],[75.7953,12.0742],[75.7997,12.0712],[75.8017,12.068],[75.7962,12.0495],[75.7933,12.0475],[75.7979,12.0416],[75.7982,12.0327],[75.8,12.0303],[75.812,12.022],[75.8119,12.0161],[75.8235,12.0093],[75.8266,12.0058],[75.8275,12.0028],[75.8236,11.9946],[75.8244,11.9843],[75.827,11.978],[75.8306,11.9746],[75.8444,11.9703],[75.8511,11.957],[75.8659,11.9456],[75.8833,11.9389],[75.9038,11.9348],[75.9154,11.934],[75.9196,11.9356],[75.9252,11.9329],[75.92,11.9206],[75.9194,11.9147],[75.929,11.9036],[75.9316,11.8877],[75.9302,11.8818],[75.9237,11.8735],[75.908,11.8668],[75.925,11.8546],[75.9224,11.8457],[75.9231,11.8371],[75.9212,11.8338],[75.919,11.8335],[75.9156,11.839],[75.8958,11.8349],[75.8866,11.8358],[75.8822,11.8381],[75.8753,11.8376],[75.8703,11.8407],[75.8623,11.8397],[75.8586,11.8427],[75.851,11.8411],[75.8452,11.8431],[75.8397,11.8482],[75.8364,11.8484],[75.8288,11.8438],[75.8245,11.8437],[75.8195,11.8447],[75.8119,11.8492],[75.8026,11.8488],[75.7983,11.8419],[75.7954,11.84],[75.7872,11.8398],[75.7858,11.835],[75.7849,11.8296],[75.7917,11.8227],[75.7931,11.8178],[75.7917,11.8085],[75.7778,11.8021],[75.7722,11.7919],[75.7676,11.7953],[75.7486,11.7976],[75.7448,11.7954],[75.7456,11.7895],[75.7492,11.7862],[75.7509,11.7817],[75.7501,11.7788],[75.7442,11.7782],[75.7354,11.7805],[75.7334,11.7752],[75.7284,11.7739],[75.7236,11.7772],[75.7197,11.7842],[75.7123,11.7891],[75.7022,11.79],[75.6932,11.7929],[75.6898,11.792],[75.6869,11.7898],[75.6814,11.7707],[75.6665,11.7615],[75.6636,11.7528],[75.6538,11.7486],[75.6313,11.73],[75.6237,11.7307],[75.6203,11.7236],[75.6058,11.7118],[75.6021,11.7104],[75.598,11.7115],[75.5949,11.7091],[75.5881,11.7096],[75.587,11.7082],[75.5904,11.7024],[75.5906,11.6953],[75.6006,11.6893],[75.5988,11.6821],[75.5941,11.6809],[75.5846,11.682],[75.5734,11.6708],[75.5663,11.6687],[75.5639,11.6724],[75.5599,11.6745],[75.5588,11.6775],[75.56,11.6814],[75.5583,11.6862],[75.552,11.696],[75.54,11.6981],[75.536,11.704],[75.5301,11.7029],[75.5279,11.7065],[75.524,11.7071],[75.5212,11.714],[75.5168,11.7151],[75.5168,11.7182],[75.5085,11.7315],[75.5032,11.7346],[75.4976,11.7324],[75.4974,11.736],[75.4926,11.7426],[75.4896,11.7454],[75.4854,11.7465],[75.4829,11.7535],[75.4724,11.7632],[75.474,11.7657],[75.4776,11.764],[75.481,11.7657],[75.4851,11.7654],[75.4885,11.7626],[75.4896,11.7576],[75.4935,11.7563],[75.4987,11.7587],[75.5018,11.7624],[75.5054,11.7632],[75.5076,11.7612],[75.5082,11.7643],[75.5071,11.7646],[75.5015,11.7629],[75.4987,11.7604],[75.4962,11.7613],[75.4946,11.7585],[75.4924,11.7582],[75.4915,11.7612],[75.4901,11.7613],[75.4912,11.7632],[75.4879,11.7665],[75.4821,11.7676],[75.4788,11.7651],[75.4749,11.7665],[75.4751,11.7696],[75.4785,11.7732],[75.4815,11.7746],[75.4837,11.7729],[75.4837,11.7757],[75.4868,11.7762],[75.4849,11.7788],[75.4879,11.7843],[75.4837,11.7846],[75.4846,11.7885],[75.486,11.7882],[75.4899,11.7921],[75.4938,11.7904],[75.494,11.7937],[75.4965,11.7954],[75.5001,11.7932],[75.4999,11.7985],[75.4965,11.7996],[75.4876,11.7963],[75.486,11.7993],[75.4826,11.7985],[75.481,11.8001],[75.4774,11.8001],[75.4743,11.8035],[75.4749,11.7996],[75.4793,11.7993],[75.4807,11.7965],[75.4843,11.7963],[75.4868,11.7924],[75.4843,11.791],[75.4849,11.7924],[75.4824,11.7926],[75.4788,11.7888],[75.4782,11.7826],[75.4807,11.7793],[75.4765,11.7754],[75.4729,11.7743],[75.4701,11.7657],[75.4682,11.7643],[75.466,11.7663],[75.4599,11.7654],[75.4582,11.7682],[75.4535,11.7707],[75.4549,11.7763],[75.4601,11.7765],[75.4632,11.7837],[75.4638,11.7971],[75.4601,11.8057],[75.4631,11.8106],[75.4745,11.8124],[75.4809,11.8162],[75.4869,11.8148],[75.4958,11.818],[75.5007,11.8172],[75.5012,11.8215],[75.4969,11.829],[75.4925,11.8292],[75.4894,11.8249],[75.4867,11.828],[75.4867,11.8331],[75.489,11.8387],[75.4968,11.8405],[75.5035,11.8455],[75.5018,11.8539],[75.503,11.8639],[75.5063,11.8727],[75.506,11.885],[75.5127,11.8904],[75.5162,11.8954],[75.5118,11.9059],[75.5062,11.9082],[75.4916,11.9071],[75.4812,11.899],[75.4767,11.899],[75.4594,11.9243],[75.4669,11.9263],[75.4702,11.9306],[75.4768,11.9313],[75.482,11.9344],[75.5014,11.9512],[75.5006,11.9608],[75.5053,11.9719],[75.5062,11.983],[75.5234,11.9837],[75.5367,11.9863],[75.5423,11.9851],[75.5446,11.9741],[75.5443,11.9701],[75.5413,11.9665],[75.5457,11.9602],[75.5492,11.9612],[75.5533,11.9702],[75.5605,11.9764],[75.5705,11.9777],[75.5882,11.975],[75.5939,11.9766],[75.5958,11.9728],[75.5951,11.9679],[75.5992,11.9668],[75.6111,11.9738],[75.616,11.9731],[75.6238,11.981],[75.6385,11.982],[75.6456,11.9951],[75.6529,12.0021],[75.6573,12.0128],[75.6603,12.0144],[75.6683,12.0117],[75.6692,12.0161],[75.6802,12.029],[75.6779,12.0317],[75.6778,12.036],[75.7095,12.0588],[75.7171,12.0621]]]]}},{"type":"Feature","properties":{"name":"Hosdurg","taluk":"Hosdurg","matched":true,"gadm":"Hosdurg"},"geometry":{"type":"MultiPolygon","coordinates":[[[[75.1268,12.204],[75.1274,12.1949],[75.1307,12.1901],[75.1315,12.1838],[75.136,12.1754],[75.1354,12.1721],[75.1418,12.1643],[75.1424,12.154],[75.1479,12.1449],[75.1474,12.1354],[75.1568,12.1163],[75.1574,12.1102],[75.1529,12.1179],[75.1235,12.1918],[75.1243,12.1935],[75.1224,12.1988],[75.1251,12.2049],[75.1268,12.204]]],[[[75.136,12.1851],[75.1407,12.1804],[75.1424,12.1707],[75.1518,12.1596],[75.1501,12.1468],[75.1451,12.1588],[75.1438,12.1674],[75.1393,12.174],[75.1371,12.1824],[75.1363,12.1838],[75.1351,12.1815],[75.1343,12.1824],[75.134,12.1843],[75.1351,12.186],[75.136,12.1851]]],[[[75.1321,12.191],[75.1343,12.1893],[75.134,12.1874],[75.1321,12.1888],[75.1312,12.1915],[75.1321,12.191]]],[[[75.1307,12.1976],[75.1315,12.1957],[75.1293,12.1946],[75.1296,12.1976],[75.1307,12.1976]]],[[[75.1579,12.1088],[75.1624,12.1026],[75.1649,12.1015],[75.1665,12.0882],[75.1746,12.0762],[75.1751,12.0668],[75.1793,12.0607],[75.1818,12.0499],[75.1643,12.0893],[75.1571,12.1096],[75.1579,12.1088]]],[[[75.1638,12.1149],[75.1707,12.1101],[75.169,12.1037],[75.1715,12.0993],[75.1687,12.096],[75.166,12.1035],[75.1629,12.1054],[75.1618,12.1113],[75.1604,12.1118],[75.1607,12.1146],[75.1638,12.1149]]],[[[75.1543,12.1415],[75.1588,12.1388],[75.1621,12.134],[75.1596,12.1301],[75.1585,12.121],[75.1496,12.1396],[75.1521,12.1426],[75.1543,12.1415]]],[[[75.3281,12.4918],[75.3348,12.4902],[75.3356,12.485],[75.339,12.4829],[75.3383,12.4733],[75.3405,12.4646],[75.3368,12.4578],[75.3409,12.4561],[75.3556,12.458],[75.3594,12.46],[75.3627,12.4649],[75.3721,12.4688],[75.373,12.4772],[75.37,12.4835],[75.3795,12.4879],[75.3831,12.4927],[75.3919,12.4925],[75.3949,12.4976],[75.3973,12.4978],[75.401,12.4906],[75.4042,12.4896],[75.4089,12.4942],[75.4145,12.4967],[75.4202,12.4797],[75.4205,12.4715],[75.4243,12.4663],[75.4225,12.4601],[75.4168,12.4589],[75.4147,12.4541],[75.4091,12.4499],[75.3919,12.4451],[75.3858,12.4507],[75.3666,12.4517],[75.3659,12.4491],[75.3694,12.4456],[75.3705,12.4289],[75.3656,12.407],[75.3722,12.3957],[75.3812,12.3848],[75.3858,12.3856],[75.3907,12.3834],[75.3971,12.3752],[75.4011,12.3757],[75.4034,12.3726],[75.4115,12.3746],[75.4214,12.3667],[75.4177,12.3484],[75.4101,12.3413],[75.4144,12.3338],[75.4163,12.3215],[75.4199,12.3195],[75.42,12.3145],[75.4231,12.3081],[75.4299,12.3022],[75.4304,12.2995],[75.4216,12.291],[75.4191,12.2864],[75.3971,12.2868],[75.391,12.2831],[75.3915,12.2893],[75.3863,12.2896],[75.3851,12.2825],[75.3787,12.2785],[75.3663,12.2766],[75.3628,12.2716],[75.3465,12.2628],[75.3396,12.264],[75.3344,12.262],[75.3194,12.2676],[75.2993,12.2634],[75.2882,12.2531],[75.2922,12.2372],[75.2914,12.2318],[75.289,12.23],[75.2815,12.2293],[75.276,12.2242],[75.2607,12.2203],[75.2544,12.2149],[75.2413,12.213],[75.2318,12.2158],[75.2294,12.2149],[75.2231,12.2057],[75.2041,12.1891],[75.2005,12.1878],[75.1948,12.1899],[75.1722,12.1867],[75.1746,12.1804],[75.1853,12.168],[75.1883,12.1581],[75.1898,12.144],[75.1933,12.1387],[75.1871,12.1296],[75.1924,12.1176],[75.189,12.1138],[75.191,12.1104],[75.1901,12.1057],[75.1915,12.1013],[75.1888,12.0962],[75.1818,12.0951],[75.1779,12.1004],[75.1732,12.1007],[75.1726,12.1126],[75.1712,12.1151],[75.1687,12.1157],[75.1674,12.1179],[75.1629,12.1174],[75.1612,12.1193],[75.1638,12.1274],[75.1635,12.1363],[75.159,12.1435],[75.1549,12.1468],[75.1529,12.1607],[75.149,12.1696],[75.146,12.1713],[75.1426,12.1771],[75.1415,12.184],[75.1363,12.1868],[75.129,12.2121],[75.1215,12.2138],[75.1201,12.2099],[75.1221,12.2043],[75.1199,12.2035],[75.1176,12.2063],[75.0965,12.2635],[75.0632,12.3379],[75.0626,12.3407],[75.064,12.3374],[75.0657,12.336],[75.0646,12.3429],[75.0568,12.3624],[75.0554,12.361],[75.0626,12.341],[75.0404,12.3879],[75.0365,12.3921],[75.034,12.3901],[75.0304,12.3918],[75.0218,12.4121],[75.0176,12.4168],[75.0146,12.4168],[75.0149,12.4196],[75.0051,12.4381],[75.0127,12.4411],[75.0213,12.4372],[75.0254,12.438],[75.0297,12.4474],[75.0301,12.4515],[75.0236,12.4568],[75.0213,12.4655],[75.0253,12.4693],[75.0269,12.474],[75.0314,12.4648],[75.0346,12.462],[75.0403,12.4618],[75.0459,12.4592],[75.0608,12.4493],[75.0706,12.4537],[75.0843,12.4677],[75.0901,12.461],[75.091,12.4565],[75.0866,12.4536],[75.0823,12.4538],[75.0867,12.4444],[75.0853,12.4404],[75.091,12.4414],[75.0965,12.434],[75.1051,12.4356],[75.1139,12.4339],[75.1174,12.4279],[75.1311,12.4265],[75.1305,12.4222],[75.1335,12.4186],[75.1436,12.4172],[75.1454,12.4133],[75.1508,12.4124],[75.1569,12.4184],[75.1603,12.415],[75.1667,12.4216],[75.1721,12.4213],[75.181,12.4252],[75.1839,12.4293],[75.186,12.4263],[75.1916,12.4265],[75.194,12.4214],[75.199,12.4201],[75.2084,12.4236],[75.209,12.4276],[75.2178,12.4288],[75.2226,12.4374],[75.2228,12.4492],[75.2212,12.4576],[75.2221,12.4626],[75.2259,12.4661],[75.2301,12.4678],[75.2349,12.4671],[75.2322,12.4636],[75.2342,12.4577],[75.2425,12.4585],[75.2469,12.4623],[75.2471,12.454],[75.2555,12.4506],[75.2586,12.4536],[75.256,12.4563],[75.2593,12.4593],[75.2637,12.4582],[75.2647,12.4546],[75.2723,12.453],[75.2712,12.4559],[75.274,12.4584],[75.2775,12.4665],[75.2883,12.4623],[75.2907,12.4645],[75.295,12.4775],[75.3055,12.4884],[75.3142,12.492],[75.3281,12.4918]]]]}},{"type":"Feature","properties":{"name":"Kasaragod","taluk":"Kasaragod","matched":true,"gadm":"Kasaragod"},"geometry":{"type":"MultiPolygon","coordinates":[[[[74.908,12.7626],[74.9542,12.7793],[74.9603,12.779],[74.9634,12.7748],[74.9673,12.7769],[74.9686,12.7763],[74.969,12.7729],[74.9707,12.7726],[74.9819,12.7752],[74.9873,12.7779],[74.9926,12.7836],[74.9888,12.7892],[74.9895,12.7908],[74.996,12.788],[75.0003,12.7835],[75.0053,12.7855],[75.0041,12.7736],[75.0086,12.7604],[75.0043,12.754],[75.0003,12.7516],[74.9918,12.7382],[74.9861,12.7385],[74.9844,12.7359],[74.9848,12.7299],[74.9869,12.7288],[74.9884,12.7319],[74.9902,12.7311],[74.993,12.7331],[75.0002,12.7274],[75.0122,12.7228],[75.0109,12.7193],[75.0031,12.7137],[75.0071,12.7092],[75.0143,12.7078],[75.0191,12.7148],[75.023,12.7156],[75.0257,12.7143],[75.0381,12.7186],[75.0431,12.7155],[75.0462,12.7163],[75.0497,12.7147],[75.0557,12.7034],[75.0522,12.6982],[75.0568,12.6867],[75.0546,12.6836],[75.0521,12.687],[75.0486,12.6883],[75.0447,12.6874],[75.0431,12.6706],[75.0448,12.6633],[75.0478,12.6601],[75.0553,12.6601],[75.0583,12.6586],[75.0609,12.6615],[75.066,12.658],[75.0703,12.658],[75.0752,12.6654],[75.0831,12.6664],[75.0849,12.6705],[75.0867,12.6709],[75.0874,12.676],[75.085,12.6897],[75.0824,12.6932],[75.0861,12.6978],[75.0916,12.6947],[75.1044,12.6916],[75.1127,12.6759],[75.1269,12.6733],[75.1319,12.6708],[75.1445,12.6729],[75.1506,12.6763],[75.1507,12.6689],[75.1557,12.666],[75.1611,12.6657],[75.1613,12.6641],[75.1516,12.6494],[75.1503,12.6419],[75.1412,12.6378],[75.143,12.6333],[75.1549,12.6196],[75.1592,12.6171],[75.17,12.6166],[75.1826,12.6274],[75.2014,12.6251],[75.2028,12.6231],[75.1987,12.6062],[75.2095,12.5973],[75.209,12.5915],[75.2046,12.5867],[75.2034,12.5806],[75.2108,12.584],[75.214,12.5734],[75.2229,12.5626],[75.2313,12.5608],[75.2363,12.5618],[75.2382,12.5641],[75.2387,12.5725],[75.24,12.574],[75.2495,12.5749],[75.2502,12.5792],[75.2588,12.591],[75.2621,12.593],[75.2679,12.6057],[75.2703,12.609],[75.2767,12.6117],[75.2889,12.6046],[75.2911,12.5966],[75.2939,12.5955],[75.3015,12.5991],[75.3056,12.5949],[75.3083,12.5879],[75.3185,12.5851],[75.3279,12.5852],[75.3285,12.5771],[75.3263,12.5744],[75.3194,12.5737],[75.3162,12.5687],[75.3031,12.5735],[75.2914,12.5749],[75.2868,12.565],[75.2768,12.5641],[75.2726,12.5589],[75.2709,12.5535],[75.2724,12.5399],[75.2811,12.5181],[75.2918,12.5207],[75.3,12.5169],[75.3047,12.5173],[75.3043,12.4975],[75.3074,12.4974],[75.3142,12.492],[75.3055,12.4884],[75.295,12.4775],[75.2907,12.4645],[75.2883,12.4623],[75.2775,12.4665],[75.274,12.4584],[75.2712,12.4559],[75.2723,12.453],[75.2647,12.4546],[75.2637,12.4582],[75.2593,12.4593],[75.256,12.4563],[75.2586,12.4536],[75.2555,12.4506],[75.2471,12.454],[75.2469,12.4623],[75.2425,12.4585],[75.2342,12.4577],[75.2322,12.4636],[75.2349,12.4671],[75.2301,12.4678],[75.2259,12.4661],[75.2221,12.4626],[75.2212,12.4576],[75.2228,12.4492],[75.2226,12.4374],[75.2178,12.4288],[75.209,12.4276],[75.2084,12.4236],[75.199,12.4201],[75.194,12.4214],[75.1916,12.4265],[75.186,12.4263],[75.1839,12.4293],[75.181,12.4252],[75.1721,12.4213],[75.1667,12.4216],[75.1603,12.415],[75.1569,12.4184],[75.1508,12.4124],[75.1454,12.4133],[75.1436,12.4172],[75.1335,12.4186],[75.1305,12.4222],[75.1311,12.4265],[75.1174,12.4279],[75.1139,12.4339],[75.1051,12.4356],[75.0965,12.434],[75.091,12.4414],[75.0853,12.4404],[75.0867,12.4444],[75.0823,12.4538],[75.0866,12.4536],[75.091,12.4565],[75.0901,12.461],[75.0843,12.4677],[75.0706,12.4537],[75.0608,12.4493],[75.0459,12.4592],[75.0403,12.4618],[75.0346,12.462],[75.0314,12.4648],[75.0269,12.474],[75.0253,12.4693],[75.0213,12.4655],[75.0236,12.4568],[75.0301,12.4515],[75.0297,12.4474],[75.0254,12.438],[75.0213,12.4372],[75.0127,12.4411],[75.0051,12.4381],[75.0049,12.4451],[75.0026,12.4435],[74.9979,12.4499],[74.9918,12.4671],[74.9735,12.4987],[74.9696,12.5129],[74.9607,12.5337],[74.9593,12.5432],[74.9563,12.5485],[74.9579,12.5513],[74.9551,12.5543],[74.9565,12.5501],[74.9546,12.5487],[74.9382,12.5907],[74.9326,12.6013],[74.9324,12.604],[74.941,12.5893],[74.9399,12.5949],[74.9337,12.606],[74.9321,12.6132],[74.9296,12.6135],[74.9293,12.6101],[74.9274,12.6126],[74.9154,12.6446],[74.9035,12.6693],[74.9015,12.6771],[74.894,12.6907],[74.8896,12.7035],[74.8874,12.7057],[74.8885,12.7074],[74.8926,12.7035],[74.8926,12.7085],[74.8899,12.7113],[74.8865,12.7113],[74.8863,12.7079],[74.8838,12.7096],[74.8763,12.7315],[74.8665,12.7526],[74.8671,12.7545],[74.8759,12.7553],[74.878,12.7502],[74.8856,12.7488],[74.8918,12.7545],[74.8945,12.7561],[74.8978,12.7554],[74.9014,12.7595],[74.9051,12.7599],[74.908,12.7626]]]]}},{"type":"Feature","properties":{"name":"Karunagappally","taluk":"Karunagappally","matched":true,"gadm":"Karunagapalli"},"geometry":{"type":"MultiPolygon","coordinates":[[[[76.4724,9.1147],[76.4883,9.1162],[76.4938,9.1142],[76.4925,9.1206],[76.4939,9.1244],[76.4972,9.1255],[76.5,9.129],[76.522,9.1275],[76.5284,9.1287],[76.5286,9.1197],[76.5324,9.1159],[76.5364,9.1028],[76.5435,9.0998],[76.5548,9.1012],[76.5618,9.108],[76.5702,9.1066],[76.5714,9.1107],[76.575,9.113],[76.5759,9.1207],[76.5882,9.1211],[76.5891,9.1118],[76.5858,9.1042],[76.5854,9.099],[76.5878,9.0909],[76.5824,9.0758],[76.576,9.0732],[76.5718,9.0653],[76.5619,9.0615],[76.5621,9.0576],[76.5703,9.0574],[76.5711,9.0534],[76.5875,9.0456],[76.586,9.0384],[76.5883,9.0349],[76.599,9.0331],[76.5988,9.0211],[76.5949,9.0182],[76.5896,8.9998],[76.5868,9.0016],[76.5829,8.9985],[76.5785,8.9935],[76.5725,8.9817],[76.574,8.9569],[76.5529,8.9318],[76.5421,8.9315],[76.5393,8.9296],[76.5382,8.9324],[76.5351,8.9329],[76.5374,8.9338],[76.5374,8.9351],[76.5354,8.9354],[76.5368,8.9388],[76.5238,8.9838],[76.5238,8.9901],[76.5215,8.9943],[76.521,9.0007],[76.5226,9.0065],[76.5207,9.0054],[76.5188,9.0107],[76.5188,9.0185],[76.511,9.0296],[76.4829,9.0954],[76.4724,9.1147]]]]}},{"type":"Feature","properties":{"name":"KOTTARAKKARA","taluk":"KOTTARAKKARA","matched":true,"gadm":"Kottarakara"},"geometry":{"type":"MultiPolygon","coordinates":[[[[76.6645,9.0194],[76.6648,9.0338],[76.6723,9.0377],[76.677,9.0446],[76.6759,9.049],[76.6723,9.0525],[76.6883,9.0547],[76.6918,9.0493],[76.6951,9.0501],[76.6989,9.0488],[76.7015,9.0563],[76.7086,9.0587],[76.6963,9.0776],[76.7096,9.0743],[76.7142,9.0768],[76.7206,9.074],[76.7232,9.0787],[76.7256,9.0788],[76.7289,9.0753],[76.7331,9.0753],[76.7401,9.0814],[76.7425,9.0798],[76.7435,9.0656],[76.7555,9.0673],[76.7602,9.0568],[76.7759,9.0507],[76.781,9.0472],[76.7891,9.0478],[76.7899,9.0368],[76.7855,9.033],[76.7908,9.0202],[76.7822,9.0164],[76.7865,9.0083],[76.793,9.0083],[76.8175,9.0148],[76.8346,9.0088],[76.8454,9.0071],[76.8562,9.0089],[76.8662,9.0021],[76.8786,8.9976],[76.8801,8.9886],[76.8682,8.9829],[76.8654,8.979],[76.8663,8.9677],[76.8463,8.969],[76.8455,8.9652],[76.8419,8.9628],[76.8418,8.9596],[76.8295,8.9527],[76.8315,8.9416],[76.837,8.9297],[76.8398,8.9048],[76.8374,8.9003],[76.8361,8.8894],[76.8323,8.8878],[76.8316,8.8834],[76.8276,8.8812],[76.8281,8.8784],[76.8326,8.8786],[76.8329,8.874],[76.8393,8.8776],[76.8484,8.8712],[76.8502,8.8732],[76.8449,8.879],[76.8444,8.8831],[76.8557,8.8886],[76.853,8.8955],[76.8596,8.9001],[76.8699,8.9027],[76.8965,8.9043],[76.907,8.8996],[76.908,8.8944],[76.9109,8.8917],[76.9116,8.8863],[76.9202,8.8821],[76.9261,8.8742],[76.9295,8.877],[76.9326,8.8756],[76.9312,8.8688],[76.9381,8.8632],[76.9355,8.8591],[76.9344,8.8486],[76.938,8.8475],[76.94,8.8378],[76.947,8.8409],[76.9682,8.8426],[76.9903,8.8371],[77.0048,8.8306],[77.0172,8.8332],[77.0097,8.8212],[77.0071,8.8073],[76.9998,8.8052],[76.9961,8.8004],[77.0022,8.7806],[77.0121,8.7659],[76.989,8.7624],[76.9788,8.7735],[76.9705,8.7768],[76.9639,8.7774],[76.9605,8.7752],[76.9568,8.7647],[76.9427,8.762],[76.9352,8.763],[76.9178,8.7529],[76.9147,8.7574],[76.8987,8.7707],[76.9056,8.7765],[76.9029,8.7838],[76.8853,8.8027],[76.8751,8.8028],[76.87,8.7973],[76.863,8.8011],[76.8533,8.8036],[76.8442,8.8091],[76.8421,8.8081],[76.8382,8.8097],[76.8349,8.8172],[76.8318,8.8194],[76.8314,8.8271],[76.818,8.8354],[76.811,8.8352],[76.8065,8.8462],[76.8006,8.8498],[76.7961,8.8464],[76.7914,8.847],[76.7891,8.8425],[76.785,8.8433],[76.7818,8.8468],[76.7707,8.8488],[76.7685,8.8523],[76.7635,8.8516],[76.7604,8.8536],[76.7504,8.8478],[76.7451,8.8522],[76.7414,8.8506],[76.7374,8.8536],[76.7366,8.8591],[76.7252,8.8697],[76.7305,8.8904],[76.7229,8.8891],[76.7134,8.8938],[76.7125,8.8978],[76.7164,8.9016],[76.7084,8.916],[76.6942,8.9254],[76.692,8.9304],[76.6883,8.9339],[76.6862,8.9438],[76.6791,8.9442],[76.6748,8.9674],[76.6829,8.9729],[76.6833,8.977],[76.6695,8.9802],[76.6637,8.9834],[76.6591,8.9933],[76.6593,9.003],[76.6645,9.0194]]]]}},{"type":"Feature","properties":{"name":"Kunnathunad","taluk":"Kunnathunad","matched":true,"gadm":"Kunnattur"},"geometry":{"type":"MultiPolygon","coordinates":[[[[76.5882,9.1211],[76.5992,9.1199],[76.6087,9.1267],[76.6196,9.128],[76.6276,9.1409],[76.641,9.1418],[76.641,9.1148],[76.6344,9.1097],[76.6412,9.0995],[76.6417,9.0895],[76.6451,9.0863],[76.6584,9.0852],[76.6819,9.0795],[76.6963,9.0776],[76.7086,9.0587],[76.7015,9.0563],[76.6989,9.0488],[76.6951,9.0501],[76.6918,9.0493],[76.6883,9.0547],[76.6723,9.0525],[76.6759,9.049],[76.677,9.0446],[76.6723,9.0377],[76.6648,9.0338],[76.6645,9.0194],[76.6506,9.0163],[76.6462,9.0192],[76.6365,9.0181],[76.6341,9.0152],[76.6353,9.0105],[76.6336,9.0074],[76.627,9.0083],[76.6199,9.0053],[76.6163,8.9981],[76.6163,8.9934],[76.5968,8.9895],[76.5922,8.9977],[76.5896,8.9998],[76.5949,9.0182],[76.5988,9.0211],[76.599,9.0331],[76.5883,9.0349],[76.586,9.0384],[76.5875,9.0456],[76.5711,9.0534],[76.5703,9.0574],[76.5621,9.0576],[76.5619,9.0615],[76.5718,9.0653],[76.576,9.0732],[76.5824,9.0758],[76.5878,9.0909],[76.5854,9.099],[76.5858,9.1042],[76.5891,9.1118],[76.5882,9.1211]]]]}},{"type":"Feature","properties":{"name":"Punalur","taluk":null,"matched":false,"gadm":"Punalur"},"geometry":{"type":"MultiPolygon","coordinates":[[[[77.0172,8.8332],[77.0048,8.8306],[76.9903,8.8371],[76.9682,8.8426],[76.947,8.8409],[76.94,8.8378],[76.938,8.8475],[76.9344,8.8486],[76.9355,8.8591],[76.9381,8.8632],[76.9312,8.8688],[76.9326,8.8756],[76.9295,8.877],[76.9261,8.8742],[76.9202,8.8821],[76.9116,8.8863],[76.9109,8.8917],[76.908,8.8944],[76.907,8.8996],[76.8965,8.9043],[76.8699,8.9027],[76.8596,8.9001],[76.853,8.8955],[76.8557,8.8886],[76.8444,8.8831],[76.8449,8.879],[76.8502,8.8732],[76.8484,8.8712],[76.8393,8.8776],[76.8329,8.874],[76.8326,8.8786],[76.8281,8.8784],[76.8276,8.8812],[76.8316,8.8834],[76.8323,8.8878],[76.8361,8.8894],[76.8374,8.9003],[76.8398,8.9048],[76.837,8.9297],[76.8315,8.9416],[76.8295,8.9527],[76.8418,8.9596],[76.8419,8.9628],[76.8455,8.9652],[76.8463,8.969],[76.8663,8.9677],[76.8654,8.979],[76.8682,8.9829],[76.8801,8.9886],[76.8786,8.9976],[76.8662,9.0021],[76.8562,9.0089],[76.8454,9.0071],[76.8346,9.0088],[76.8175,9.0148],[76.793,9.0083],[76.7865,9.0083],[76.7822,9.0164],[76.7908,9.0202],[76.7855,9.033],[76.7899,9.0368],[76.7891,9.0478],[76.781,9.0472],[76.7759,9.0507],[76.7602,9.0568],[76.7555,9.0673],[76.7556,9.0776],[76.7531,9.0818],[76.7518,9.09],[76.7692,9.1059],[76.7979,9.0997],[76.8019,9.093],[76.8081,9.0877],[76.8133,9.0857],[76.8215,9.086],[76.8334,9.0907],[76.8353,9.0955],[76.8351,9.1047],[76.8399,9.1108],[76.8446,9.1091],[76.8476,9.1169],[76.852,9.1152],[76.8598,9.1225],[76.8744,9.1164],[76.8814,9.1225],[76.8867,9.1086],[76.8883,9.108],[76.8893,9.1153],[76.8983,9.1162],[76.9209,9.1095],[76.9327,9.1085],[76.9498,9.1194],[76.934,9.1244],[76.926,9.1297],[76.9133,9.1311],[76.9105,9.1482],[76.9147,9.1636],[76.9219,9.1615],[76.9324,9.1533],[76.9574,9.1385],[76.9779,9.1292],[76.984,9.1241],[76.994,9.1308],[77.0026,9.1225],[77.01,9.1187],[77.017,9.1194],[77.02,9.1163],[77.0269,9.1142],[77.0332,9.1176],[77.0384,9.1184],[77.0413,9.1115],[77.0498,9.1082],[77.0521,9.1042],[77.0639,9.1021],[77.0909,9.0875],[77.1058,9.0846],[77.1206,9.0778],[77.1301,9.0753],[77.1404,9.0762],[77.1388,9.0711],[77.15,9.0673],[77.1624,9.0691],[77.1671,9.0664],[77.1709,9.0663],[77.1755,9.0682],[77.1861,9.0632],[77.1888,9.0605],[77.1915,9.062],[77.1802,9.0448],[77.1821,9.0365],[77.1701,9.0339],[77.1674,9.0385],[77.1538,9.0366],[77.1482,9.033],[77.1453,9.0272],[77.1469,9.0216],[77.1406,9.0154],[77.1322,9.0119],[77.1351,9.0055],[77.1342,9.0],[77.1373,8.9982],[77.1432,8.9979],[77.1439,8.9918],[77.1469,8.9869],[77.1584,8.9782],[77.1632,8.9623],[77.1747,8.9569],[77.1753,8.9508],[77.1802,8.947],[77.1812,8.942],[77.1797,8.9375],[77.1819,8.9288],[77.1792,8.921],[77.1804,8.9157],[77.1848,8.9102],[77.1897,8.9126],[77.1868,8.9157],[77.1939,8.9219],[77.2047,8.9174],[77.2074,8.9139],[77.202,8.9067],[77.2063,8.8932],[77.2147,8.8921],[77.2215,8.8881],[77.2239,8.8851],[77.2232,8.8778],[77.2271,8.8718],[77.232,8.8691],[77.2399,8.8681],[77.2415,8.8648],[77.2432,8.8551],[77.2404,8.8515],[77.2456,8.8451],[77.246,8.8431],[77.2429,8.8412],[77.247,8.8319],[77.232,8.8135],[77.2316,8.8071],[77.2274,8.8006],[77.2174,8.797],[77.2147,8.7758],[77.2053,8.7704],[77.1984,8.7695],[77.2022,8.7609],[77.1978,8.7577],[77.1914,8.7584],[77.1705,8.7666],[77.1416,8.7858],[77.1368,8.7873],[77.132,8.7929],[77.1176,8.7986],[77.1057,8.8096],[77.0934,8.8161],[77.0903,8.8207],[77.0813,8.8219],[77.0648,8.829],[77.0354,8.8363],[77.0275,8.8364],[77.0172,8.8332]]]]}},{"type":"Feature","properties":{"name":"Kollam","taluk":"Kollam","matched":true,"gadm":"Quilon"},"geometry":{"type":"MultiPolygon","coordinates":[[[[76.5393,8.9296],[76.5421,8.9315],[76.5529,8.9318],[76.574,8.9569],[76.5725,8.9817],[76.5785,8.9935],[76.5868,9.0016],[76.5922,8.9977],[76.5968,8.9895],[76.6163,8.9934],[76.6163,8.9981],[76.6199,9.0053],[76.627,9.0083],[76.6336,9.0074],[76.6353,9.0105],[76.6341,9.0152],[76.6365,9.0181],[76.6462,9.0192],[76.6506,9.0163],[76.6645,9.0194],[76.6593,9.003],[76.6591,8.9933],[76.6637,8.9834],[76.6695,8.9802],[76.6833,8.977],[76.6829,8.9729],[76.6748,8.9674],[76.6791,8.9442],[76.6862,8.9438],[76.6883,8.9339],[76.692,8.9304],[76.6942,8.9254],[76.7084,8.916],[76.7164,8.9016],[76.7125,8.8978],[76.7134,8.8938],[76.7229,8.8891],[76.7305,8.8904],[76.7252,8.8697],[76.7366,8.8591],[76.7374,8.8536],[76.7414,8.8506],[76.7451,8.8522],[76.7504,8.8478],[76.7604,8.8536],[76.7635,8.8516],[76.7651,8.8448],[76.7619,8.8355],[76.778,8.8191],[76.7759,8.8131],[76.7724,8.8135],[76.7691,8.8117],[76.7691,8.8098],[76.7738,8.8091],[76.7769,8.8047],[76.776,8.8007],[76.7573,8.8005],[76.7558,8.7963],[76.7542,8.7958],[76.7565,8.7933],[76.752,8.7898],[76.7448,8.7908],[76.7438,8.7871],[76.727,8.7877],[76.7061,8.7938],[76.6945,8.7862],[76.691,8.7818],[76.6878,8.7851],[76.6864,8.7832],[76.6778,8.7834],[76.6765,8.7757],[76.6701,8.786],[76.6601,8.7954],[76.6582,8.7996],[76.6488,8.8101],[76.6415,8.8243],[76.6193,8.8504],[76.6068,8.8626],[76.5935,8.8737],[76.581,8.8807],[76.5715,8.8824],[76.5679,8.8799],[76.571,8.8771],[76.5824,8.8726],[76.5835,8.8701],[76.5654,8.8796],[76.5599,8.8888],[76.5549,8.8915],[76.5496,8.9007],[76.5462,8.9024],[76.5413,8.9154],[76.5393,8.9296]]]]}},{"type":"Feature","properties":{"name":"Changanassery","taluk":"Changanassery","matched":true,"gadm":"Changanacheri"},"geometry":{"type":"MultiPolygon","coordinates":[[[[76.5018,9.3931],[76.4961,9.3949],[76.4946,9.4076],[76.4969,9.4105],[76.4948,9.4175],[76.4926,9.4187],[76.4977,9.426],[76.483,9.4327],[76.4855,9.4487],[76.4924,9.4611],[76.4916,9.4673],[76.4935,9.4706],[76.4945,9.488],[76.4922,9.4949],[76.4855,9.4952],[76.4795,9.4981],[76.4806,9.5054],[76.4949,9.5071],[76.4967,9.5024],[76.4999,9.5033],[76.5116,9.4976],[76.5152,9.4972],[76.525,9.4999],[76.5302,9.4953],[76.5389,9.4811],[76.5406,9.4944],[76.5442,9.4973],[76.5454,9.5017],[76.5444,9.5109],[76.5478,9.513],[76.5457,9.5208],[76.5521,9.5314],[76.5531,9.5378],[76.5673,9.5262],[76.581,9.5259],[76.5895,9.5196],[76.6095,9.5255],[76.6234,9.5192],[76.6484,9.5194],[76.6513,9.525],[76.6621,9.5271],[76.6598,9.5315],[76.6627,9.5361],[76.6632,9.5464],[76.6673,9.5603],[76.6767,9.564],[76.6809,9.5622],[76.6838,9.5628],[76.6862,9.571],[76.693,9.5655],[76.6962,9.5684],[76.7133,9.5636],[76.7161,9.566],[76.7284,9.5672],[76.7312,9.5549],[76.7231,9.5346],[76.7251,9.525],[76.7327,9.5187],[76.7209,9.5141],[76.7284,9.5053],[76.7313,9.4955],[76.7371,9.4901],[76.7365,9.4872],[76.7288,9.4836],[76.7287,9.4789],[76.7336,9.4712],[76.7332,9.4657],[76.7202,9.465],[76.7171,9.4618],[76.7179,9.4573],[76.7048,9.4515],[76.7004,9.447],[76.6948,9.4466],[76.6874,9.456],[76.6858,9.4681],[76.6723,9.4697],[76.6654,9.474],[76.6587,9.4721],[76.6399,9.4728],[76.6274,9.4683],[76.6266,9.4622],[76.6223,9.4557],[76.6179,9.4621],[76.6154,9.4624],[76.6121,9.455],[76.6133,9.4521],[76.6011,9.4525],[76.5965,9.451],[76.5952,9.4455],[76.5912,9.4501],[76.589,9.4494],[76.5892,9.4412],[76.5861,9.4412],[76.5777,9.4366],[76.5773,9.4333],[76.5795,9.4292],[76.5778,9.4195],[76.5827,9.41],[76.5799,9.4077],[76.568,9.414],[76.5641,9.4132],[76.5516,9.4043],[76.5469,9.4033],[76.5432,9.4039],[76.5397,9.4128],[76.5349,9.4144],[76.5308,9.4137],[76.5267,9.4076],[76.5226,9.4067],[76.5204,9.409],[76.5172,9.4069],[76.5166,9.4045],[76.5137,9.4049],[76.5103,9.4002],[76.502,9.4006],[76.5018,9.3931]]]]}},{"type":"Feature","properties":{"name":"KANJIRAPPALLY","taluk":"KANJIRAPPALLY","matched":true,"gadm":"Kanjirapalli"},"geometry":{"type":"MultiPolygon","coordinates":[[[[76.8704,9.5702],[76.874,9.5594],[76.8733,9.5503],[76.8754,9.5289],[76.8884,9.5278],[76.8921,9.5153],[76.9179,9.4944],[76.9224,9.4958],[76.9335,9.4827],[76.9406,9.4823],[76.9455,9.492],[76.9523,9.4981],[76.961,9.4921],[76.9704,9.4766],[76.9689,9.4728],[76.9717,9.4689],[76.9717,9.4649],[76.9697,9.4586],[76.9516,9.4543],[76.9461,9.4517],[76.9344,9.4379],[76.927,9.4367],[76.9249,9.4322],[76.9306,9.4261],[76.9253,9.4216],[76.9243,9.4136],[76.9215,9.4141],[76.9123,9.4096],[76.9097,9.4099],[76.9076,9.418],[76.896,9.4194],[76.8706,9.4365],[76.8588,9.4381],[76.8404,9.4491],[76.8358,9.4388],[76.8158,9.442],[76.8137,9.4389],[76.8105,9.4378],[76.8065,9.4439],[76.8018,9.4467],[76.7876,9.446],[76.7859,9.4428],[76.783,9.4446],[76.7797,9.4437],[76.7789,9.4368],[76.7685,9.4382],[76.7561,9.4321],[76.7497,9.4314],[76.7473,9.4346],[76.745,9.4427],[76.7429,9.4447],[76.738,9.4441],[76.7364,9.4458],[76.7393,9.4537],[76.7332,9.4657],[76.7336,9.4712],[76.7287,9.4789],[76.7288,9.4836],[76.7365,9.4872],[76.7371,9.4901],[76.7313,9.4955],[76.7284,9.5053],[76.7209,9.5141],[76.7327,9.5187],[76.7251,9.525],[76.7231,9.5346],[76.7312,9.5549],[76.7284,9.5672],[76.7311,9.5691],[76.7311,9.5772],[76.7349,9.5761],[76.7385,9.5781],[76.7412,9.5747],[76.7445,9.5794],[76.7422,9.5885],[76.7387,9.5936],[76.7423,9.5996],[76.7491,9.598],[76.751,9.6018],[76.7453,9.6079],[76.7469,9.6113],[76.7621,9.6125],[76.769,9.6009],[76.7782,9.5904],[76.7846,9.5918],[76.7892,9.5866],[76.8016,9.5901],[76.8023,9.5956],[76.8049,9.5969],[76.8012,9.6009],[76.7959,9.6142],[76.7991,9.6148],[76.8066,9.6114],[76.8144,9.6122],[76.8132,9.6179],[76.8211,9.6186],[76.8244,9.6141],[76.8317,9.5903],[76.8506,9.5843],[76.8612,9.574],[76.8704,9.5702]]]]}},{"type":"Feature","properties":{"name":"Kottayam","taluk":"Kottayam","matched":true,"gadm":"Kottayam"},"geometry":{"type":"MultiPolygon","coordinates":[[[[76.4685,9.5407],[76.479,9.5371],[76.4793,9.5301],[76.466,9.5299],[76.4662,9.541],[76.4685,9.5407]]],[[[76.4518,9.5436],[76.4529,9.5457],[76.4646,9.5415],[76.4643,9.5299],[76.4604,9.5299],[76.4528,9.5335],[76.4518,9.5436]]],[[[76.4743,9.4984],[76.4682,9.4988],[76.4665,9.5037],[76.467,9.5191],[76.466,9.5272],[76.4639,9.5282],[76.479,9.5288],[76.4804,9.5113],[76.4807,9.529],[76.4985,9.5288],[76.5021,9.531],[76.4915,9.536],[76.4907,9.5404],[76.4871,9.5424],[76.4804,9.5382],[76.4665,9.5424],[76.4665,9.5593],[76.4654,9.5593],[76.4649,9.5438],[76.4635,9.5435],[76.4404,9.551],[76.4385,9.554],[76.4265,9.5551],[76.4179,9.5596],[76.4185,9.5635],[76.416,9.566],[76.416,9.5696],[76.4204,9.5782],[76.4232,9.5932],[76.4301,9.6113],[76.4235,9.6274],[76.4185,9.631],[76.4171,9.6363],[76.4199,9.6415],[76.4254,9.6413],[76.4212,9.6444],[76.4311,9.6474],[76.4324,9.6501],[76.4402,9.6471],[76.4451,9.6681],[76.4554,9.6692],[76.4597,9.6635],[76.4663,9.6663],[76.4662,9.6724],[76.468,9.6769],[76.4714,9.6805],[76.4871,9.6878],[76.4914,9.693],[76.5046,9.6988],[76.5117,9.6971],[76.5013,9.6832],[76.5111,9.6754],[76.513,9.672],[76.5164,9.671],[76.5162,9.683],[76.5299,9.6802],[76.5325,9.6835],[76.5386,9.6752],[76.55,9.6799],[76.5562,9.6778],[76.5646,9.6774],[76.5701,9.6672],[76.5737,9.6743],[76.577,9.6766],[76.5854,9.6754],[76.5878,9.6719],[76.586,9.6675],[76.5869,9.6617],[76.5847,9.6572],[76.5875,9.6556],[76.5894,9.6566],[76.5901,9.6613],[76.594,9.6607],[76.5974,9.6505],[76.6009,9.6505],[76.6038,9.6441],[76.6179,9.6494],[76.6131,9.6555],[76.6277,9.6582],[76.6347,9.6526],[76.6395,9.6519],[76.6528,9.6364],[76.6555,9.6358],[76.6565,9.6311],[76.659,9.6283],[76.6633,9.6318],[76.6687,9.6267],[76.6739,9.6245],[76.6756,9.628],[76.673,9.6353],[76.6812,9.6343],[76.6864,9.6364],[76.6893,9.6397],[76.6929,9.6399],[76.6982,9.6343],[76.7021,9.6355],[76.707,9.6405],[76.7105,9.6419],[76.7148,9.6408],[76.7158,9.6456],[76.7278,9.645],[76.7294,9.6411],[76.7317,9.6425],[76.7324,9.6497],[76.7399,9.6488],[76.7406,9.6461],[76.7439,9.6454],[76.746,9.6415],[76.7455,9.6341],[76.7503,9.6305],[76.7436,9.6263],[76.7512,9.6163],[76.7515,9.6125],[76.7469,9.6113],[76.7453,9.6079],[76.751,9.6018],[76.7491,9.598],[76.7423,9.5996],[76.7387,9.5936],[76.7422,9.5885],[76.7445,9.5794],[76.7431,9.5764],[76.7412,9.5747],[76.7385,9.5781],[76.7349,9.5761],[76.7311,9.5772],[76.7311,9.5691],[76.7238,9.566],[76.7161,9.566],[76.7133,9.5636],[76.6962,9.5684],[76.693,9.5655],[76.6862,9.571],[76.6838,9.5628],[76.6809,9.5622],[76.6767,9.564],[76.6673,9.5603],[76.6632,9.5464],[76.6627,9.5361],[76.6598,9.5315],[76.6621,9.5271],[76.6513,9.525],[76.6484,9.5194],[76.6234,9.5192],[76.6095,9.5255],[76.5895,9.5196],[76.581,9.5259],[76.5673,9.5262],[76.5531,9.5378],[76.5521,9.5314],[76.5457,9.5208],[76.5478,9.513],[76.5444,9.5109],[76.5454,9.5017],[76.5442,9.4973],[76.5406,9.4944],[76.5389,9.4811],[76.5302,9.4953],[76.525,9.4999],[76.5152,9.4972],[76.5116,9.4976],[76.4999,9.5033],[76.4967,9.5024],[76.4949,9.5071],[76.4901,9.5074],[76.4806,9.5054],[76.4795,9.4981],[76.4743,9.4984]]],[[[76.4199,9.6424],[76.4193,9.6418],[76.4199,9.6432],[76.4199,9.6424]]]]}},{"type":"Feature","properties":{"name":"Pala(Lalam)","taluk":null,"matched":false,"gadm":"Pala(Lalam)"},"geometry":{"type":"MultiPolygon","coordinates":[[[[76.5402,9.7934],[76.5462,9.7957],[76.5482,9.8082],[76.5551,9.8153],[76.5583,9.8154],[76.5638,9.8122],[76.569,9.8154],[76.571,9.8195],[76.5696,9.8248],[76.5707,9.8342],[76.5743,9.834],[76.5835,9.8385],[76.5917,9.8367],[76.5969,9.8321],[76.598,9.8345],[76.6011,9.8325],[76.6058,9.8349],[76.6004,9.8415],[76.6116,9.8502],[76.6201,9.8482],[76.618,9.8419],[76.6225,9.8389],[76.6365,9.8341],[76.6504,9.8314],[76.6595,9.8358],[76.6649,9.8309],[76.6705,9.8309],[76.6751,9.8259],[76.6856,9.8242],[76.6877,9.8182],[76.6959,9.815],[76.7084,9.8063],[76.7182,9.8034],[76.7291,9.7965],[76.7334,9.7958],[76.7441,9.8069],[76.7553,9.8009],[76.7699,9.7968],[76.8003,9.7755],[76.8157,9.7588],[76.8162,9.7545],[76.8223,9.75],[76.8407,9.7256],[76.8468,9.7206],[76.852,9.7234],[76.8622,9.7136],[76.8738,9.7085],[76.8816,9.6962],[76.8904,9.6758],[76.8915,9.6671],[76.8995,9.661],[76.9058,9.6514],[76.9151,9.6427],[76.915,9.6401],[76.9081,9.6349],[76.9081,9.6299],[76.9225,9.6115],[76.9178,9.6062],[76.8995,9.617],[76.891,9.6248],[76.8859,9.6239],[76.8803,9.6176],[76.8804,9.6117],[76.8764,9.6107],[76.8753,9.6088],[76.8794,9.5927],[76.881,9.5765],[76.8725,9.5728],[76.8704,9.5702],[76.8612,9.574],[76.8506,9.5843],[76.8317,9.5903],[76.8244,9.6141],[76.8211,9.6186],[76.8132,9.6179],[76.8144,9.6122],[76.8066,9.6114],[76.7991,9.6148],[76.7959,9.6142],[76.8012,9.6009],[76.8049,9.5969],[76.8023,9.5956],[76.8016,9.5901],[76.7892,9.5866],[76.7846,9.5918],[76.7782,9.5904],[76.769,9.6009],[76.7621,9.6125],[76.7515,9.6125],[76.7512,9.6163],[76.7436,9.6263],[76.7503,9.6305],[76.7455,9.6341],[76.746,9.6415],[76.7439,9.6454],[76.7406,9.6461],[76.7399,9.6488],[76.7324,9.6497],[76.7317,9.6425],[76.7294,9.6411],[76.7278,9.645],[76.7158,9.6456],[76.7148,9.6408],[76.7105,9.6419],[76.707,9.6405],[76.7021,9.6355],[76.6982,9.6343],[76.6929,9.6399],[76.6893,9.6397],[76.6864,9.6364],[76.6812,9.6343],[76.673,9.6353],[76.6756,9.628],[76.6739,9.6245],[76.6687,9.6267],[76.6633,9.6318],[76.659,9.6283],[76.6565,9.6311],[76.6555,9.6358],[76.6528,9.6364],[76.6395,9.6519],[76.6347,9.6526],[76.6277,9.6582],[76.6131,9.6555],[76.6179,9.6494],[76.6038,9.6441],[76.6009,9.6505],[76.5974,9.6505],[76.594,9.6607],[76.5901,9.6613],[76.5894,9.6566],[76.5875,9.6556],[76.5847,9.6572],[76.5869,9.6617],[76.586,9.6675],[76.5878,9.6719],[76.5854,9.6754],[76.5809,9.6769],[76.577,9.6766],[76.5737,9.6743],[76.5701,9.6672],[76.5646,9.6774],[76.5562,9.6778],[76.55,9.6799],[76.5386,9.6752],[76.5325,9.6835],[76.5299,9.6802],[76.5162,9.683],[76.5164,9.671],[76.513,9.672],[76.5111,9.6754],[76.5013,9.6832],[76.5117,9.6971],[76.5208,9.6981],[76.5248,9.7005],[76.5297,9.7072],[76.5257,9.7237],[76.5268,9.7281],[76.5218,9.7349],[76.521,9.7493],[76.5246,9.7584],[76.5287,9.759],[76.5298,9.7621],[76.543,9.7704],[76.5464,9.7673],[76.5498,9.7693],[76.553,9.7747],[76.5515,9.7813],[76.5483,9.7861],[76.5402,9.7934]]]]}},{"type":"Feature","properties":{"name":"Vaikam","taluk":null,"matched":false,"gadm":"Vaikam"},"geometry":{"type":"MultiPolygon","coordinates":[[[[76.3807,9.7146],[76.381,9.7168],[76.3818,9.7171],[76.3815,9.7149],[76.3807,9.7146]]],[[[76.3828,9.8237],[76.3842,9.8215],[76.3918,9.8213],[76.3943,9.8179],[76.3932,9.8211],[76.4019,9.8163],[76.4113,9.8158],[76.4204,9.8183],[76.4335,9.8248],[76.45,9.841],[76.4635,9.837],[76.4703,9.8407],[76.4756,9.8395],[76.4875,9.8442],[76.5025,9.8426],[76.511,9.8168],[76.5217,9.8171],[76.5287,9.8149],[76.5303,9.806],[76.532,9.8053],[76.5317,9.7987],[76.534,9.7977],[76.536,9.7926],[76.5402,9.7934],[76.5442,9.7907],[76.5515,9.7813],[76.553,9.7747],[76.5498,9.7693],[76.5464,9.7673],[76.543,9.7704],[76.5298,9.7621],[76.5287,9.759],[76.5246,9.7584],[76.521,9.7493],[76.5218,9.7349],[76.5268,9.7281],[76.5257,9.7237],[76.5297,9.7072],[76.5248,9.7005],[76.5208,9.6981],[76.5117,9.6971],[76.5046,9.6988],[76.4914,9.693],[76.4871,9.6878],[76.4714,9.6805],[76.4662,9.6724],[76.4663,9.6663],[76.4597,9.6635],[76.4554,9.6692],[76.4451,9.6681],[76.4402,9.6471],[76.4324,9.6501],[76.4311,9.6474],[76.4204,9.6451],[76.4193,9.6427],[76.4212,9.6493],[76.4204,9.6504],[76.4179,9.6424],[76.4037,9.6463],[76.4026,9.6493],[76.4046,9.6646],[76.4074,9.6651],[76.416,9.6585],[76.419,9.6582],[76.4079,9.6665],[76.404,9.6665],[76.4049,9.6726],[76.4071,9.6738],[76.4129,9.6829],[76.4149,9.6901],[76.4143,9.6954],[76.4079,9.6999],[76.4007,9.6963],[76.3962,9.7018],[76.3874,9.7007],[76.3829,9.7026],[76.3885,9.719],[76.391,9.7421],[76.3868,9.7585],[76.3779,9.7657],[76.3774,9.7693],[76.3732,9.7726],[76.3743,9.7776],[76.3712,9.7796],[76.3718,9.7838],[76.3679,9.7901],[76.369,9.7943],[76.374,9.7985],[76.3751,9.7974],[76.374,9.794],[76.3768,9.7943],[76.376,9.796],[76.3801,9.8046],[76.3835,9.8065],[76.3904,9.8168],[76.3899,9.8204],[76.3835,9.8193],[76.3828,9.8237]]],[[[76.3718,9.7579],[76.3732,9.7524],[76.3729,9.7513],[76.3701,9.7565],[76.3704,9.7582],[76.3718,9.7579]]]]}},{"type":"Feature","properties":{"name":"Kozhikode","taluk":"Kozhikode","matched":true,"gadm":"Kozhikode"},"geometry":{"type":"MultiPolygon","coordinates":[[[[75.8382,11.134],[75.8363,11.1282],[75.8315,11.1265],[75.8301,11.1299],[75.8382,11.134]]],[[[75.8115,11.1615],[75.8112,11.1596],[75.8101,11.1593],[75.8104,11.1615],[75.8115,11.1615]]],[[[76.1335,11.4338],[76.1374,11.4202],[76.1343,11.4125],[76.1258,11.4185],[76.111,11.4004],[76.1046,11.403],[76.0989,11.4019],[76.0997,11.3946],[76.0942,11.3895],[76.0929,11.3775],[76.0942,11.3634],[76.0887,11.3542],[76.0865,11.3462],[76.0914,11.3339],[76.1051,11.327],[76.1088,11.3306],[76.1106,11.3296],[76.1101,11.3246],[76.1118,11.3166],[76.1086,11.3109],[76.1007,11.3073],[76.0833,11.3035],[76.0643,11.2876],[76.0651,11.2783],[76.0558,11.2738],[76.0505,11.2671],[76.0384,11.2591],[76.0301,11.2607],[76.0202,11.26],[76.01,11.2632],[76.001,11.2533],[75.9869,11.2459],[75.9682,11.2604],[75.9611,11.2556],[75.9518,11.2446],[75.9462,11.2427],[75.924,11.2409],[75.9118,11.2314],[75.9077,11.2305],[75.8958,11.2374],[75.8921,11.2263],[75.8901,11.2243],[75.8809,11.2223],[75.8751,11.2192],[75.8648,11.2021],[75.8566,11.1973],[75.8539,11.1879],[75.8588,11.1839],[75.8714,11.1785],[75.8773,11.1804],[75.8827,11.1796],[75.8848,11.1777],[75.8833,11.1735],[75.8784,11.1663],[75.868,11.1625],[75.8636,11.1632],[75.8599,11.1616],[75.8582,11.1581],[75.8498,11.1503],[75.8486,11.1468],[75.8496,11.1432],[75.8451,11.1438],[75.839,11.1365],[75.8343,11.1349],[75.8321,11.131],[75.8285,11.1307],[75.826,11.1254],[75.8243,11.126],[75.8149,11.1479],[75.8035,11.1557],[75.8037,11.1576],[75.8015,11.1593],[75.8051,11.1621],[75.809,11.1626],[75.8107,11.1571],[75.816,11.1599],[75.8224,11.156],[75.8257,11.1588],[75.8288,11.1582],[75.8268,11.1604],[75.8274,11.1621],[75.8246,11.1615],[75.8221,11.1568],[75.8185,11.1618],[75.8124,11.1593],[75.8124,11.1624],[75.8162,11.1715],[75.8201,11.174],[75.8215,11.1776],[75.8288,11.179],[75.829,11.1807],[75.8201,11.1821],[75.814,11.1793],[75.809,11.1662],[75.8021,11.1626],[75.7954,11.1849],[75.7735,11.2404],[75.7676,11.2632],[75.7637,11.2713],[75.7637,11.276],[75.7604,11.2804],[75.7582,11.2865],[75.759,11.2879],[75.7551,11.2946],[75.7476,11.3185],[75.746,11.3207],[75.7418,11.3207],[75.7374,11.324],[75.736,11.331],[75.7337,11.334],[75.7363,11.3407],[75.7351,11.344],[75.7374,11.3476],[75.7369,11.3495],[75.7424,11.3552],[75.7431,11.3619],[75.7505,11.3628],[75.7591,11.3744],[75.7631,11.3722],[75.7691,11.3734],[75.779,11.3798],[75.7754,11.384],[75.7741,11.3882],[75.7792,11.4075],[75.7764,11.4134],[75.7731,11.4146],[75.7737,11.4186],[75.7772,11.4195],[75.7892,11.4104],[75.7972,11.4109],[75.8019,11.4177],[75.806,11.4194],[75.8147,11.4181],[75.816,11.4277],[75.8275,11.4362],[75.8285,11.441],[75.8318,11.4411],[75.8352,11.4388],[75.8331,11.4268],[75.8361,11.4226],[75.847,11.4151],[75.8462,11.4105],[75.8427,11.408],[75.8459,11.4023],[75.8537,11.4023],[75.8612,11.4079],[75.8656,11.4035],[75.8759,11.3981],[75.8777,11.4009],[75.8866,11.406],[75.8889,11.4099],[75.9077,11.412],[75.8976,11.4284],[75.9005,11.4364],[75.9,11.4406],[75.9021,11.4425],[75.8974,11.4488],[75.8963,11.454],[75.9042,11.4805],[75.902,11.4849],[75.8895,11.497],[75.9047,11.5028],[75.9126,11.5039],[75.924,11.4996],[75.929,11.4959],[75.9336,11.4968],[75.967,11.5268],[75.9684,11.5402],[75.9737,11.5345],[76.0107,11.5083],[76.027,11.502],[76.0352,11.4949],[76.0382,11.4979],[76.0417,11.4987],[76.0465,11.4963],[76.0516,11.5024],[76.0567,11.5012],[76.068,11.5136],[76.0706,11.5138],[76.0834,11.499],[76.0844,11.4914],[76.0882,11.4866],[76.0835,11.482],[76.0884,11.4753],[76.0978,11.4736],[76.1056,11.4682],[76.1142,11.4652],[76.1276,11.4491],[76.1353,11.4427],[76.1328,11.4372],[76.1335,11.4338]]]]}},{"type":"Feature","properties":{"name":"Mahe","taluk":null,"matched":false,"gadm":"Mahe"},"geometry":{"type":"MultiPolygon","coordinates":[[[[75.5301,11.7029],[75.536,11.704],[75.54,11.6981],[75.552,11.696],[75.5583,11.6862],[75.56,11.6814],[75.5588,11.6775],[75.5599,11.6745],[75.5639,11.6724],[75.5663,11.6687],[75.5734,11.6708],[75.5846,11.682],[75.5941,11.6809],[75.5988,11.6821],[75.6006,11.6893],[75.5906,11.6953],[75.5904,11.7024],[75.587,11.7082],[75.5881,11.7096],[75.5949,11.7091],[75.598,11.7115],[75.6021,11.7104],[75.6058,11.7118],[75.6203,11.7236],[75.6237,11.7307],[75.6313,11.73],[75.6538,11.7486],[75.6636,11.7528],[75.6665,11.7615],[75.6814,11.7707],[75.6869,11.7898],[75.6898,11.792],[75.6932,11.7929],[75.7022,11.79],[75.7123,11.7891],[75.7197,11.7842],[75.7236,11.7772],[75.7284,11.7739],[75.7334,11.7752],[75.7354,11.7805],[75.7442,11.7782],[75.7501,11.7788],[75.7509,11.7817],[75.7492,11.7862],[75.7456,11.7895],[75.7448,11.7954],[75.7486,11.7976],[75.7676,11.7953],[75.7834,11.787],[75.7875,11.7833],[75.7888,11.7743],[75.7851,11.7682],[75.784,11.7592],[75.7806,11.7557],[75.7803,11.7531],[75.7935,11.742],[75.7903,11.7364],[75.7975,11.7366],[75.8128,11.729],[75.8157,11.7264],[75.8195,11.7183],[75.8248,11.7171],[75.8305,11.7113],[75.8391,11.7063],[75.8401,11.6992],[75.8443,11.6967],[75.8453,11.6935],[75.8532,11.695],[75.8642,11.6936],[75.8711,11.6947],[75.8734,11.6923],[75.8803,11.6914],[75.8907,11.6926],[75.8983,11.6901],[75.901,11.687],[75.9103,11.6819],[75.9033,11.6766],[75.8748,11.6767],[75.8709,11.6718],[75.866,11.6556],[75.8567,11.6438],[75.8295,11.6394],[75.8195,11.6343],[75.8136,11.6337],[75.8063,11.6279],[75.8013,11.618],[75.7958,11.6152],[75.7844,11.6152],[75.7797,11.6172],[75.7756,11.6204],[75.7676,11.6344],[75.7617,11.6354],[75.7561,11.6412],[75.7457,11.6228],[75.7426,11.6072],[75.7372,11.5966],[75.7378,11.5892],[75.7354,11.5871],[75.7159,11.5941],[75.6966,11.5961],[75.6873,11.5746],[75.6801,11.5645],[75.6718,11.5592],[75.6713,11.5543],[75.6738,11.5452],[75.6729,11.5404],[75.6616,11.5274],[75.6535,11.5233],[75.6432,11.5218],[75.6373,11.5239],[75.6351,11.5273],[75.626,11.5276],[75.616,11.538],[75.6128,11.5461],[75.6149,11.5546],[75.613,11.5579],[75.5965,11.5599],[75.5924,11.5671],[75.5946,11.571],[75.5899,11.5738],[75.589,11.5821],[75.5857,11.5863],[75.5899,11.5701],[75.5882,11.569],[75.564,11.6346],[75.5424,11.6818],[75.5301,11.7029]]]]}},{"type":"Feature","properties":{"name":"Quilandi","taluk":null,"matched":false,"gadm":"Quilandi"},"geometry":{"type":"MultiPolygon","coordinates":[[[[75.9684,11.5402],[75.967,11.5268],[75.9336,11.4968],[75.929,11.4959],[75.924,11.4996],[75.9126,11.5039],[75.9047,11.5028],[75.8895,11.497],[75.902,11.4849],[75.9042,11.4805],[75.8963,11.454],[75.8974,11.4488],[75.9021,11.4425],[75.9,11.4406],[75.9005,11.4364],[75.8976,11.4284],[75.9077,11.412],[75.8889,11.4099],[75.8866,11.406],[75.8777,11.4009],[75.8759,11.3981],[75.8656,11.4035],[75.8612,11.4079],[75.8537,11.4023],[75.8459,11.4023],[75.8427,11.408],[75.8462,11.4105],[75.847,11.4151],[75.8361,11.4226],[75.8331,11.4268],[75.8352,11.4388],[75.8318,11.4411],[75.8285,11.441],[75.8275,11.4362],[75.816,11.4277],[75.8147,11.4181],[75.806,11.4194],[75.8019,11.4177],[75.7972,11.4109],[75.7892,11.4104],[75.7772,11.4195],[75.7737,11.4186],[75.7731,11.4146],[75.7764,11.4134],[75.7792,11.4075],[75.7741,11.3882],[75.7754,11.384],[75.779,11.3798],[75.7691,11.3734],[75.7631,11.3722],[75.7591,11.3744],[75.7505,11.3628],[75.7431,11.3619],[75.7424,11.3552],[75.7369,11.3495],[75.7343,11.3549],[75.7335,11.3529],[75.7324,11.3535],[75.7207,11.3818],[75.7046,11.409],[75.7012,11.4193],[75.6818,11.4493],[75.6754,11.4501],[75.6651,11.4613],[75.6604,11.4621],[75.6551,11.466],[75.6457,11.4679],[75.6371,11.4649],[75.6371,11.4613],[75.6343,11.4615],[75.6265,11.4732],[75.6201,11.4746],[75.6174,11.4771],[75.619,11.4807],[75.6179,11.4888],[75.5976,11.5404],[75.5899,11.5654],[75.5907,11.5688],[75.5907,11.5646],[75.5946,11.5585],[75.5957,11.5507],[75.5976,11.5501],[75.599,11.5443],[75.6001,11.5471],[75.5982,11.5485],[75.5965,11.5599],[75.613,11.5579],[75.6149,11.5546],[75.6128,11.5461],[75.6136,11.542],[75.626,11.5276],[75.6351,11.5273],[75.6373,11.5239],[75.6432,11.5218],[75.6535,11.5233],[75.6616,11.5274],[75.6729,11.5404],[75.6738,11.5452],[75.6713,11.5543],[75.6718,11.5592],[75.6801,11.5645],[75.6873,11.5746],[75.6966,11.5961],[75.7159,11.5941],[75.7354,11.5871],[75.7378,11.5892],[75.7372,11.5966],[75.7426,11.6072],[75.7457,11.6228],[75.7561,11.6412],[75.7617,11.6354],[75.7676,11.6344],[75.7756,11.6204],[75.7797,11.6172],[75.7844,11.6152],[75.7958,11.6152],[75.8013,11.618],[75.8063,11.6279],[75.8136,11.6337],[75.8195,11.6343],[75.8295,11.6394],[75.8567,11.6438],[75.866,11.6556],[75.8709,11.6718],[75.8748,11.6767],[75.8996,11.6776],[75.9033,11.6766],[75.8963,11.6708],[75.898,11.6534],[75.8964,11.6412],[75.8943,11.6367],[75.8942,11.6236],[75.8919,11.6133],[75.8989,11.608],[75.9,11.5992],[75.9022,11.5965],[75.9117,11.5899],[75.9207,11.5842],[75.9319,11.5818],[75.9401,11.5761],[75.951,11.5732],[75.9523,11.555],[75.962,11.5444],[75.9684,11.5402]]]]}},{"type":"Feature","properties":{"name":"Malappuram","taluk":null,"matched":false,"gadm":"Malappuram"},"geometry":{"type":"MultiPolygon","coordinates":[[[[75.8496,11.1432],[75.8486,11.1468],[75.8498,11.1503],[75.8582,11.1581],[75.8599,11.1616],[75.8636,11.1632],[75.868,11.1625],[75.8784,11.1663],[75.8848,11.1777],[75.8827,11.1796],[75.8773,11.1804],[75.8714,11.1785],[75.8588,11.1839],[75.8539,11.1879],[75.8566,11.1973],[75.8648,11.2021],[75.8751,11.2192],[75.8809,11.2223],[75.8901,11.2243],[75.8958,11.2374],[75.9077,11.2305],[75.9118,11.2314],[75.924,11.2409],[75.9462,11.2427],[75.9518,11.2446],[75.9611,11.2556],[75.9682,11.2604],[75.9869,11.2459],[76.001,11.2533],[76.01,11.2632],[76.0202,11.26],[76.0301,11.2607],[76.0384,11.2591],[76.0505,11.2671],[76.0558,11.2738],[76.0651,11.2783],[76.0643,11.2876],[76.0833,11.3035],[76.1007,11.3073],[76.1086,11.3109],[76.1118,11.3166],[76.1101,11.3246],[76.1106,11.3296],[76.1088,11.3306],[76.1051,11.327],[76.0914,11.3339],[76.0865,11.3462],[76.0887,11.3542],[76.0942,11.3634],[76.0929,11.3775],[76.0942,11.3895],[76.0997,11.3946],[76.0989,11.4019],[76.1046,11.403],[76.111,11.4004],[76.1258,11.4185],[76.1343,11.4125],[76.1374,11.4202],[76.1328,11.4372],[76.1353,11.4427],[76.1579,11.4521],[76.1619,11.4588],[76.1769,11.4645],[76.179,11.4696],[76.1755,11.4756],[76.1827,11.4887],[76.1945,11.4999],[76.2162,11.5055],[76.2251,11.518],[76.2332,11.5187],[76.2415,11.5048],[76.2448,11.4943],[76.2409,11.4752],[76.2401,11.4596],[76.2579,11.4732],[76.2661,11.4687],[76.2781,11.4745],[76.2877,11.466],[76.2841,11.4624],[76.289,11.4563],[76.298,11.4589],[76.3209,11.4447],[76.3337,11.4587],[76.3391,11.4542],[76.3615,11.448],[76.3906,11.428],[76.4104,11.4336],[76.4082,11.4148],[76.4184,11.4053],[76.4393,11.3907],[76.4484,11.3814],[76.4729,11.3753],[76.5101,11.3612],[76.5095,11.3537],[76.5067,11.3477],[76.5095,11.3466],[76.5164,11.349],[76.5299,11.3477],[76.5382,11.3516],[76.5408,11.327],[76.5398,11.321],[76.5305,11.3096],[76.5285,11.3034],[76.5305,11.2957],[76.5402,11.2923],[76.5219,11.2812],[76.5159,11.2725],[76.5131,11.2647],[76.5135,11.262],[76.4881,11.252],[76.4464,11.2305],[76.4429,11.2001],[76.438,11.1945],[76.4322,11.1959],[76.4264,11.1937],[76.4125,11.1981],[76.4025,11.1982],[76.4029,11.1901],[76.3978,11.1759],[76.4075,11.1633],[76.4036,11.1461],[76.4087,11.1336],[76.405,11.1256],[76.4031,11.1121],[76.404,11.1073],[76.3964,11.1071],[76.3903,11.1036],[76.3871,11.1016],[76.383,11.0949],[76.3733,11.0925],[76.3684,11.0896],[76.3546,11.0901],[76.3434,11.0856],[76.3384,11.0809],[76.3153,11.0861],[76.3124,11.076],[76.3047,11.0704],[76.2999,11.0705],[76.2962,11.0736],[76.2907,11.0836],[76.2874,11.0864],[76.2817,11.0877],[76.2731,11.088],[76.2685,11.0826],[76.2643,11.0849],[76.261,11.0826],[76.2525,11.0807],[76.2458,11.0752],[76.2421,11.0756],[76.24,11.0783],[76.235,11.0758],[76.2348,11.0794],[76.2294,11.0787],[76.2198,11.0717],[76.2077,11.0796],[76.2033,11.0812],[76.2001,11.0794],[76.1962,11.0813],[76.195,11.0785],[76.1981,11.0723],[76.1971,11.0679],[76.1876,11.0621],[76.1893,11.0528],[76.1768,11.043],[76.1714,11.0414],[76.1653,11.0437],[76.1495,11.0573],[76.1305,11.0674],[76.1244,11.0679],[76.1214,11.0736],[76.1177,11.0755],[76.1146,11.0732],[76.118,11.0687],[76.1183,11.0654],[76.1134,11.0571],[76.1091,11.0551],[76.1087,11.0625],[76.1014,11.0587],[76.0996,11.066],[76.0962,11.0646],[76.0948,11.0616],[76.0911,11.0615],[76.0921,11.0473],[76.089,11.0401],[76.0891,11.0354],[76.0944,11.0265],[76.0946,11.023],[76.0836,11.0247],[76.0796,11.0285],[76.0721,11.0296],[76.0694,11.0211],[76.0651,11.0246],[76.0643,11.0322],[76.0571,11.0309],[76.058,11.039],[76.0539,11.0405],[76.0514,11.0397],[76.0488,11.0323],[76.0456,11.0285],[76.0418,11.0263],[76.0481,11.0171],[76.0565,10.9938],[76.059,10.991],[76.0802,10.9907],[76.088,10.9867],[76.0842,10.9782],[76.0818,10.9662],[76.0788,10.9639],[76.0766,10.9656],[76.0744,10.9623],[76.071,10.9634],[76.0628,10.9531],[76.0517,10.9608],[76.0449,10.9566],[76.0393,10.9594],[76.0435,10.9628],[76.0361,10.9623],[76.0136,10.9649],[76.0019,10.9608],[75.9923,10.9714],[75.9866,10.9832],[75.9846,10.9911],[75.9812,10.9884],[75.9803,10.9942],[75.9837,10.9976],[75.9922,11.0002],[75.9977,10.9963],[76.0016,10.9975],[76.0108,10.988],[76.0176,10.9919],[76.026,11.0018],[76.0288,10.998],[76.0322,10.9982],[76.0274,11.0084],[76.0295,11.011],[76.0263,11.022],[76.0294,11.0242],[76.0356,11.0375],[76.0295,11.0398],[76.0284,11.0438],[76.0304,11.0468],[76.03,11.05],[76.0158,11.0499],[76.0117,11.0472],[76.0123,11.0438],[76.017,11.0458],[76.0216,11.0425],[76.0201,11.0384],[75.9856,11.036],[75.9759,11.0411],[75.9762,11.0441],[75.9805,11.0513],[75.997,11.064],[76.0014,11.0718],[76.0031,11.0877],[75.9985,11.095],[75.9817,11.1036],[75.9657,11.1072],[75.9577,11.112],[75.9535,11.1065],[75.942,11.1118],[75.9379,11.1096],[75.9293,11.1096],[75.9264,11.1119],[75.9265,11.1145],[75.9278,11.1183],[75.9315,11.1206],[75.9255,11.1253],[75.9166,11.1171],[75.9148,11.111],[75.9116,11.1099],[75.8977,11.1181],[75.8877,11.1272],[75.8841,11.1287],[75.8819,11.1312],[75.8814,11.1356],[75.8778,11.1363],[75.8615,11.1239],[75.8583,11.1246],[75.8426,11.1354],[75.8396,11.1341],[75.8429,11.1404],[75.8496,11.1426],[75.8579,11.1368],[75.8576,11.1318],[75.8613,11.1296],[75.859,11.1318],[75.8585,11.1385],[75.8512,11.144],[75.8496,11.1432]]]]}},{"type":"Feature","properties":{"name":"Perinthalmanna","taluk":"Perinthalmanna","matched":true,"gadm":"Perintalmanna"},"geometry":{"type":"MultiPolygon","coordinates":[[[[76.0628,10.9531],[76.071,10.9634],[76.0744,10.9623],[76.0766,10.9656],[76.0788,10.9639],[76.0818,10.9662],[76.0842,10.9782],[76.088,10.9867],[76.0802,10.9907],[76.059,10.991],[76.0565,10.9938],[76.0481,11.0171],[76.0418,11.0263],[76.0456,11.0285],[76.0488,11.0323],[76.0514,11.0397],[76.0539,11.0405],[76.058,11.039],[76.0571,11.0309],[76.0643,11.0322],[76.0651,11.0246],[76.0694,11.0211],[76.0721,11.0296],[76.0796,11.0285],[76.0836,11.0247],[76.0946,11.023],[76.0944,11.0265],[76.0891,11.0354],[76.089,11.0401],[76.0921,11.0473],[76.0911,11.0615],[76.0948,11.0616],[76.0962,11.0646],[76.0996,11.066],[76.1014,11.0587],[76.1087,11.0625],[76.1091,11.0551],[76.1134,11.0571],[76.1183,11.0654],[76.118,11.0687],[76.1146,11.0732],[76.1177,11.0755],[76.1214,11.0736],[76.1244,11.0679],[76.1305,11.0674],[76.1495,11.0573],[76.1653,11.0437],[76.1714,11.0414],[76.1768,11.043],[76.1893,11.0528],[76.1876,11.0621],[76.1971,11.0679],[76.1981,11.0723],[76.195,11.0785],[76.1962,11.0813],[76.2001,11.0794],[76.2033,11.0812],[76.2077,11.0796],[76.2198,11.0717],[76.2294,11.0787],[76.2348,11.0794],[76.235,11.0758],[76.24,11.0783],[76.2421,11.0756],[76.2458,11.0752],[76.2525,11.0807],[76.261,11.0826],[76.2643,11.0849],[76.2685,11.0826],[76.2731,11.088],[76.2817,11.0877],[76.2874,11.0864],[76.2907,11.0836],[76.2962,11.0736],[76.2999,11.0705],[76.3047,11.0704],[76.3124,11.076],[76.3153,11.0861],[76.3384,11.0809],[76.3263,11.0648],[76.3262,11.0585],[76.3281,11.0544],[76.325,11.0505],[76.3258,11.0477],[76.3155,11.0414],[76.3051,11.0444],[76.3013,11.04],[76.2885,11.0423],[76.2873,11.0363],[76.2782,11.0299],[76.2794,11.0234],[76.2778,11.0171],[76.2807,11.0137],[76.2876,11.0165],[76.2887,11.0184],[76.301,11.0192],[76.3215,11.0148],[76.3178,10.9983],[76.3276,10.9913],[76.3617,10.9891],[76.3622,10.9861],[76.3597,10.9784],[76.3543,10.9678],[76.3295,10.97],[76.3261,10.9739],[76.3211,10.9714],[76.3181,10.951],[76.3144,10.9473],[76.3144,10.9275],[76.3171,10.9221],[76.3231,10.9159],[76.3247,10.9112],[76.3239,10.8985],[76.3132,10.8998],[76.3117,10.9047],[76.2969,10.9054],[76.2896,10.9118],[76.2804,10.9069],[76.2619,10.9096],[76.2569,10.9068],[76.2538,10.8982],[76.243,10.8797],[76.224,10.8788],[76.2202,10.8842],[76.2192,10.8888],[76.2121,10.8959],[76.2105,10.9051],[76.2064,10.9063],[76.2031,10.9044],[76.1993,10.8984],[76.1974,10.8907],[76.1909,10.89],[76.1803,10.8914],[76.178,10.8959],[76.1785,10.9008],[76.1746,10.9032],[76.1666,10.899],[76.1626,10.907],[76.155,10.9067],[76.1507,10.9026],[76.1498,10.8919],[76.1419,10.8827],[76.138,10.8816],[76.1243,10.8896],[76.1212,10.8888],[76.1108,10.8991],[76.1081,10.9167],[76.1091,10.9228],[76.1131,10.9281],[76.112,10.9316],[76.1077,10.9345],[76.0935,10.9379],[76.0798,10.9472],[76.0678,10.9497],[76.0628,10.9531]]]]}},{"type":"Feature","properties":{"name":"Ponnani","taluk":"Ponnani","matched":true,"gadm":"Ponnani"},"geometry":{"type":"MultiPolygon","coordinates":[[[[75.9132,10.7855],[75.9226,10.7907],[75.9262,10.7867],[75.9412,10.7957],[75.9489,10.8062],[75.9525,10.8177],[75.9541,10.8347],[75.9565,10.8399],[75.9614,10.8437],[75.9783,10.8515],[75.992,10.8553],[76.0033,10.8525],[76.0144,10.8469],[76.0208,10.8248],[76.021,10.8184],[76.0189,10.8151],[76.0284,10.8065],[76.0271,10.8003],[76.04,10.7965],[76.0388,10.7945],[76.0416,10.7906],[76.0407,10.7874],[76.036,10.7881],[76.035,10.7867],[76.0318,10.7554],[76.0339,10.7545],[76.0324,10.7467],[76.038,10.7469],[76.0401,10.7364],[76.051,10.7357],[76.0555,10.7383],[76.0623,10.7246],[76.0597,10.7188],[76.0601,10.7155],[76.0547,10.7137],[76.047,10.7065],[76.0447,10.6973],[76.0423,10.6962],[76.041,10.6981],[76.0382,10.6961],[76.0311,10.6982],[76.0261,10.6919],[76.0098,10.6866],[76.0019,10.6806],[75.9963,10.6823],[75.9953,10.6849],[75.9916,10.6869],[75.9874,10.687],[75.9867,10.6896],[75.9851,10.6878],[75.9757,10.6867],[75.9751,10.6796],[75.9724,10.6803],[75.972,10.6855],[75.9656,10.6856],[75.9643,10.6876],[75.9571,10.6839],[75.9499,10.7035],[75.9357,10.7307],[75.9132,10.7855]]]]}},{"type":"Feature","properties":{"name":"Tirur","taluk":"Tirur","matched":true,"gadm":"Tirur"},"geometry":{"type":"MultiPolygon","coordinates":[[[[75.8396,11.1341],[75.8426,11.1354],[75.8583,11.1246],[75.8615,11.1239],[75.8742,11.1348],[75.8778,11.1363],[75.8814,11.1356],[75.8819,11.1312],[75.8841,11.1287],[75.8877,11.1272],[75.8977,11.1181],[75.9116,11.1099],[75.9148,11.111],[75.9166,11.1171],[75.9255,11.1253],[75.9315,11.1206],[75.9278,11.1183],[75.9265,11.1145],[75.9264,11.1119],[75.9293,11.1096],[75.9379,11.1096],[75.942,11.1118],[75.9535,11.1065],[75.9577,11.112],[75.9657,11.1072],[75.9817,11.1036],[75.9985,11.095],[76.0031,11.0877],[76.0014,11.0718],[75.997,11.064],[75.9805,11.0513],[75.9762,11.0441],[75.9759,11.0411],[75.9856,11.036],[76.0201,11.0384],[76.0216,11.0425],[76.017,11.0458],[76.0123,11.0438],[76.0117,11.0472],[76.0158,11.0499],[76.0248,11.0506],[76.03,11.05],[76.0304,11.0468],[76.0284,11.0438],[76.0295,11.0398],[76.0356,11.0375],[76.0294,11.0242],[76.0263,11.022],[76.0295,11.011],[76.0274,11.0084],[76.0322,10.9982],[76.0288,10.998],[76.026,11.0018],[76.0176,10.9919],[76.0108,10.988],[76.0016,10.9975],[75.9977,10.9963],[75.9922,11.0002],[75.9837,10.9976],[75.9803,10.9942],[75.9812,10.9884],[75.9846,10.9911],[75.9866,10.9832],[75.9923,10.9714],[76.0019,10.9608],[76.0136,10.9649],[76.0361,10.9623],[76.0394,10.9632],[76.0435,10.9628],[76.0393,10.9594],[76.0449,10.9566],[76.0517,10.9608],[76.0678,10.9497],[76.0798,10.9472],[76.0935,10.9379],[76.1077,10.9345],[76.112,10.9316],[76.1131,10.9281],[76.1091,10.9228],[76.1081,10.9167],[76.1108,10.8991],[76.1212,10.8888],[76.1201,10.8815],[76.1228,10.8718],[76.1193,10.871],[76.1106,10.8735],[76.1079,10.8718],[76.1073,10.8629],[76.1049,10.8592],[76.1025,10.8587],[76.0971,10.862],[76.0939,10.8572],[76.0955,10.8451],[76.0945,10.8394],[76.0909,10.8346],[76.0857,10.8322],[76.0599,10.8303],[76.0436,10.8381],[76.0373,10.8394],[76.0332,10.8371],[76.0277,10.8271],[76.0253,10.8189],[76.021,10.8184],[76.0208,10.8248],[76.0144,10.8469],[76.0033,10.8525],[75.992,10.8553],[75.9783,10.8515],[75.9614,10.8437],[75.9565,10.8399],[75.9541,10.8347],[75.9525,10.8177],[75.9489,10.8062],[75.9412,10.7957],[75.9262,10.7867],[75.9226,10.7907],[75.9132,10.7855],[75.9101,10.7924],[75.9043,10.8162],[75.8799,10.9315],[75.8576,11.0143],[75.8576,11.0185],[75.861,11.0176],[75.8629,11.0054],[75.8665,11.0054],[75.8677,11.0093],[75.8654,11.0135],[75.8665,11.0085],[75.8643,11.0065],[75.8613,11.0187],[75.8585,11.0215],[75.856,11.0207],[75.8463,11.0638],[75.8326,11.1096],[75.8296,11.1171],[75.8251,11.1229],[75.8293,11.1224],[75.8326,11.126],[75.8357,11.1265],[75.8396,11.1341]]]]}},{"type":"Feature","properties":{"name":"ALATHUR","taluk":"ALATHUR","matched":true,"gadm":"Alattur"},"geometry":{"type":"MultiPolygon","coordinates":[[[[76.6429,10.693],[76.6341,10.6826],[76.6211,10.6783],[76.62,10.6614],[76.6225,10.6594],[76.6203,10.6545],[76.62,10.6477],[76.6219,10.6341],[76.6032,10.6295],[76.5969,10.6262],[76.5926,10.6151],[76.5988,10.6029],[76.6026,10.6014],[76.6023,10.5964],[76.5963,10.5979],[76.5936,10.5945],[76.5903,10.5952],[76.5894,10.5912],[76.5842,10.5918],[76.5722,10.5815],[76.5673,10.5802],[76.5612,10.5811],[76.553,10.5775],[76.553,10.5734],[76.5491,10.574],[76.5486,10.5685],[76.5442,10.5676],[76.5408,10.5645],[76.5384,10.5524],[76.5323,10.5425],[76.5333,10.5303],[76.541,10.5191],[76.561,10.4953],[76.5669,10.494],[76.5695,10.4901],[76.5763,10.4872],[76.5805,10.4834],[76.5843,10.477],[76.5829,10.4695],[76.5895,10.4632],[76.5822,10.4482],[76.5768,10.4435],[76.5747,10.4391],[76.5678,10.4363],[76.5751,10.4279],[76.5593,10.429],[76.5547,10.428],[76.5497,10.4243],[76.5477,10.4263],[76.547,10.436],[76.5281,10.4405],[76.525,10.4431],[76.5181,10.4558],[76.514,10.459],[76.4818,10.4718],[76.4763,10.4772],[76.4697,10.4771],[76.4664,10.4795],[76.4615,10.4869],[76.4581,10.489],[76.4587,10.4941],[76.453,10.4987],[76.4441,10.511],[76.4414,10.5134],[76.4354,10.514],[76.4322,10.5187],[76.4244,10.5248],[76.4239,10.5303],[76.43,10.547],[76.4227,10.5486],[76.4226,10.5537],[76.419,10.5561],[76.4176,10.5639],[76.4141,10.5646],[76.4129,10.5689],[76.4061,10.5691],[76.4021,10.5654],[76.4013,10.5711],[76.3953,10.5805],[76.3939,10.5869],[76.3954,10.5914],[76.4007,10.5885],[76.4056,10.5882],[76.4071,10.5919],[76.4053,10.5947],[76.4066,10.5967],[76.4121,10.5976],[76.4156,10.6001],[76.4199,10.608],[76.4175,10.6126],[76.417,10.6186],[76.4118,10.6189],[76.4098,10.6211],[76.4156,10.6355],[76.4154,10.64],[76.4201,10.6431],[76.4273,10.6432],[76.4278,10.6476],[76.4313,10.6507],[76.433,10.6559],[76.4425,10.652],[76.4436,10.6606],[76.4423,10.6697],[76.4347,10.6892],[76.4409,10.6928],[76.4493,10.6912],[76.453,10.6974],[76.4571,10.7123],[76.4594,10.7156],[76.4676,10.7205],[76.4698,10.725],[76.4665,10.7301],[76.4611,10.7325],[76.4603,10.7345],[76.4651,10.7404],[76.4683,10.741],[76.4725,10.7484],[76.4847,10.7586],[76.5007,10.7625],[76.5057,10.7652],[76.5093,10.7706],[76.5211,10.7767],[76.5377,10.7804],[76.5395,10.7777],[76.5425,10.7772],[76.5407,10.774],[76.5432,10.7736],[76.5443,10.7703],[76.5582,10.7694],[76.5595,10.7721],[76.5701,10.7692],[76.5735,10.7702],[76.5759,10.7677],[76.5747,10.7593],[76.5762,10.7564],[76.587,10.7582],[76.5971,10.747],[76.6,10.7337],[76.6049,10.7284],[76.6074,10.7192],[76.6108,10.7155],[76.6093,10.7075],[76.6148,10.705],[76.6184,10.7079],[76.6217,10.7083],[76.6251,10.7149],[76.6286,10.7148],[76.6294,10.7125],[76.6344,10.7187],[76.6434,10.7145],[76.6429,10.693]]]]}},{"type":"Feature","properties":{"name":"Chittur","taluk":"Chittur","matched":true,"gadm":"Chittur"},"geometry":{"type":"MultiPolygon","coordinates":[[[[76.5751,10.4279],[76.5678,10.4363],[76.5747,10.4391],[76.5768,10.4435],[76.5822,10.4482],[76.5895,10.4632],[76.5829,10.4695],[76.5843,10.477],[76.5805,10.4834],[76.5763,10.4872],[76.5695,10.4901],[76.5669,10.494],[76.561,10.4953],[76.541,10.5191],[76.5333,10.5303],[76.5323,10.5425],[76.5384,10.5524],[76.5408,10.5645],[76.5442,10.5676],[76.5486,10.5685],[76.5491,10.574],[76.553,10.5734],[76.553,10.5775],[76.5612,10.5811],[76.5673,10.5802],[76.5722,10.5815],[76.5842,10.5918],[76.5894,10.5912],[76.5903,10.5952],[76.5936,10.5945],[76.5963,10.5979],[76.6023,10.5964],[76.6026,10.6014],[76.5988,10.6029],[76.5926,10.6151],[76.5969,10.6262],[76.6032,10.6295],[76.6219,10.6341],[76.62,10.6477],[76.6203,10.6545],[76.6225,10.6594],[76.62,10.6614],[76.6211,10.6783],[76.6341,10.6826],[76.6429,10.693],[76.6493,10.6903],[76.6627,10.6774],[76.6695,10.6739],[76.6812,10.6751],[76.6863,10.6823],[76.6902,10.6818],[76.6892,10.685],[76.6914,10.6867],[76.6964,10.6835],[76.6927,10.6926],[76.6956,10.6928],[76.7002,10.686],[76.704,10.6887],[76.7107,10.6821],[76.7144,10.6855],[76.7168,10.6939],[76.7239,10.6974],[76.7239,10.703],[76.738,10.7042],[76.7379,10.7006],[76.7477,10.6998],[76.7581,10.709],[76.7623,10.7137],[76.7632,10.7185],[76.7611,10.7256],[76.7779,10.7293],[76.7778,10.7323],[76.7748,10.732],[76.7764,10.7373],[76.7796,10.7402],[76.7771,10.7433],[76.7781,10.7472],[76.7878,10.7458],[76.7953,10.7399],[76.7958,10.7467],[76.8014,10.7454],[76.8012,10.751],[76.8038,10.7511],[76.804,10.7542],[76.7976,10.7558],[76.7946,10.7596],[76.7958,10.7625],[76.8052,10.761],[76.8047,10.7711],[76.8115,10.7718],[76.8239,10.7827],[76.8242,10.7862],[76.8079,10.7852],[76.8172,10.7956],[76.8152,10.8021],[76.8184,10.803],[76.8209,10.8009],[76.838,10.8024],[76.8404,10.8077],[76.8526,10.8085],[76.86,10.7998],[76.8819,10.8011],[76.8883,10.7999],[76.8975,10.7708],[76.8939,10.7606],[76.8931,10.7504],[76.8877,10.743],[76.8868,10.7367],[76.8804,10.7261],[76.8793,10.7202],[76.8837,10.7074],[76.881,10.7061],[76.875,10.7067],[76.8616,10.6863],[76.8619,10.6806],[76.8598,10.6771],[76.8555,10.6753],[76.8551,10.6724],[76.8702,10.6641],[76.8695,10.6564],[76.8722,10.6535],[76.8746,10.6392],[76.8726,10.6294],[76.8525,10.6239],[76.8382,10.6267],[76.805,10.6263],[76.8057,10.6208],[76.8033,10.6141],[76.805,10.6091],[76.8085,10.6073],[76.8096,10.6043],[76.8086,10.5945],[76.8154,10.5883],[76.8245,10.5896],[76.8283,10.5883],[76.8297,10.5851],[76.8293,10.5765],[76.8255,10.5616],[76.8302,10.553],[76.8245,10.5376],[76.832,10.5292],[76.8314,10.5246],[76.8203,10.4907],[76.821,10.4802],[76.8175,10.4385],[76.8073,10.4149],[76.812,10.4114],[76.815,10.4018],[76.8215,10.4034],[76.8226,10.3941],[76.8157,10.3865],[76.8246,10.3752],[76.8307,10.3721],[76.8393,10.3597],[76.8362,10.353],[76.8358,10.3464],[76.8257,10.3342],[76.8268,10.3303],[76.8192,10.3287],[76.8062,10.34],[76.797,10.3371],[76.7936,10.3301],[76.7754,10.3291],[76.7705,10.3325],[76.7654,10.3333],[76.7643,10.3289],[76.7604,10.3268],[76.751,10.329],[76.743,10.3286],[76.7411,10.331],[76.7429,10.335],[76.7421,10.339],[76.7483,10.3406],[76.7508,10.3429],[76.7545,10.3504],[76.7539,10.3546],[76.7455,10.3536],[76.7355,10.3584],[76.7091,10.3658],[76.696,10.3633],[76.693,10.3561],[76.6776,10.3546],[76.6749,10.3554],[76.673,10.3598],[76.6625,10.3633],[76.6508,10.376],[76.6478,10.3774],[76.6454,10.3694],[76.6346,10.3743],[76.6257,10.3713],[76.6218,10.3676],[76.6191,10.3682],[76.6194,10.3731],[76.6142,10.3716],[76.6102,10.3738],[76.5965,10.3929],[76.5898,10.4118],[76.5819,10.4221],[76.5751,10.4279]]]]}},{"type":"Feature","properties":{"name":"Mannarkkad","taluk":"Mannarkkad","matched":true,"gadm":"Mannarkkad"},"geometry":{"type":"MultiPolygon","coordinates":[[[[76.3384,11.0809],[76.3434,11.0856],[76.3546,11.0901],[76.3684,11.0896],[76.3733,11.0925],[76.383,11.0949],[76.3871,11.1016],[76.3903,11.1036],[76.3964,11.1071],[76.404,11.1073],[76.4031,11.1121],[76.405,11.1256],[76.4087,11.1336],[76.4036,11.1461],[76.4075,11.1633],[76.3978,11.1759],[76.4029,11.1901],[76.4025,11.1982],[76.4125,11.1981],[76.4264,11.1937],[76.4322,11.1959],[76.438,11.1945],[76.4403,11.1913],[76.4436,11.1909],[76.4527,11.1802],[76.4588,11.1841],[76.4665,11.1861],[76.4659,11.1987],[76.4876,11.2028],[76.506,11.202],[76.5102,11.1953],[76.5212,11.1903],[76.5361,11.1893],[76.548,11.1931],[76.5933,11.1975],[76.6021,11.1955],[76.623,11.1857],[76.6534,11.2043],[76.6682,11.2107],[76.6782,11.2188],[76.6794,11.227],[76.697,11.2313],[76.7104,11.2183],[76.7205,11.2116],[76.7226,11.2081],[76.7256,11.2089],[76.7265,11.2065],[76.718,11.1983],[76.7179,11.1924],[76.7212,11.1845],[76.7138,11.178],[76.7064,11.1796],[76.6968,11.1719],[76.6935,11.1667],[76.689,11.1651],[76.686,11.1577],[76.6912,11.1445],[76.6951,11.1402],[76.6967,11.1327],[76.7036,11.132],[76.7056,11.1361],[76.7027,11.1386],[76.703,11.1418],[76.7098,11.1403],[76.7154,11.1284],[76.7222,11.1225],[76.7293,11.1254],[76.7349,11.1251],[76.7387,11.1213],[76.7406,11.1099],[76.7394,11.1036],[76.735,11.0991],[76.7341,11.0934],[76.7386,11.084],[76.7427,11.086],[76.7457,11.0839],[76.748,11.0751],[76.7464,11.0709],[76.7345,11.0639],[76.7371,11.0475],[76.7402,11.0456],[76.7511,11.0468],[76.7548,11.0392],[76.7672,11.0322],[76.7754,11.0343],[76.79,11.0497],[76.7934,11.047],[76.7925,11.0424],[76.7868,11.0323],[76.7818,11.029],[76.757,11.0246],[76.7121,11.0325],[76.7065,11.0314],[76.6988,11.0227],[76.6904,11.0175],[76.6798,10.9994],[76.6808,10.9927],[76.6778,10.9797],[76.6604,10.9605],[76.6593,10.9505],[76.655,10.9422],[76.6573,10.9387],[76.6556,10.9343],[76.6474,10.929],[76.6528,10.92],[76.6311,10.9205],[76.619,10.9171],[76.6012,10.9224],[76.5872,10.9108],[76.5647,10.9124],[76.561,10.9112],[76.5597,10.9066],[76.5592,10.8714],[76.5518,10.8751],[76.547,10.8803],[76.5288,10.8752],[76.5226,10.8819],[76.5093,10.8881],[76.5075,10.8978],[76.504,10.899],[76.503,10.9029],[76.4965,10.9003],[76.4928,10.903],[76.4865,10.9018],[76.4741,10.9029],[76.4625,10.9317],[76.4378,10.942],[76.4267,10.9416],[76.4235,10.9395],[76.417,10.9439],[76.4123,10.9409],[76.4081,10.9427],[76.4043,10.9604],[76.3978,10.9573],[76.3945,10.96],[76.387,10.9546],[76.3793,10.9521],[76.3687,10.9335],[76.3566,10.9286],[76.3548,10.9216],[76.3503,10.9213],[76.3477,10.9161],[76.3443,10.9137],[76.3344,10.9124],[76.3301,10.9016],[76.3239,10.8985],[76.3247,10.9112],[76.3231,10.9159],[76.3171,10.9221],[76.3144,10.9275],[76.3144,10.9473],[76.3181,10.951],[76.3211,10.9714],[76.3261,10.9739],[76.3295,10.97],[76.3543,10.9678],[76.3597,10.9784],[76.3622,10.9861],[76.3617,10.9891],[76.3276,10.9913],[76.3178,10.9983],[76.3215,11.0148],[76.301,11.0192],[76.2887,11.0184],[76.2876,11.0165],[76.2807,11.0137],[76.2778,11.0171],[76.2794,11.0234],[76.2782,11.0299],[76.2873,11.0363],[76.2885,11.0423],[76.3013,11.04],[76.3051,11.0444],[76.3155,11.0414],[76.3258,11.0477],[76.325,11.0505],[76.3281,11.0544],[76.3262,11.0585],[76.3263,11.0648],[76.3384,11.0809]]]]}},{"type":"Feature","properties":{"name":"Ottappalam","taluk":"Ottappalam","matched":true,"gadm":"Ottappalam"},"geometry":{"type":"MultiPolygon","coordinates":[[[[76.1212,10.8888],[76.1243,10.8896],[76.138,10.8816],[76.1419,10.8827],[76.1498,10.8919],[76.1507,10.9026],[76.155,10.9067],[76.1596,10.907],[76.1626,10.907],[76.1666,10.899],[76.1746,10.9032],[76.1785,10.9008],[76.178,10.8959],[76.1803,10.8914],[76.1909,10.89],[76.1974,10.8907],[76.1993,10.8984],[76.2031,10.9044],[76.2064,10.9063],[76.2105,10.9051],[76.2121,10.8959],[76.2192,10.8888],[76.2202,10.8842],[76.224,10.8788],[76.243,10.8797],[76.2538,10.8982],[76.2569,10.9068],[76.2619,10.9096],[76.2804,10.9069],[76.2896,10.9118],[76.2969,10.9054],[76.3117,10.9047],[76.3132,10.8998],[76.3239,10.8985],[76.3301,10.9016],[76.3344,10.9124],[76.3443,10.9137],[76.3477,10.9161],[76.3503,10.9213],[76.3548,10.9216],[76.3566,10.9286],[76.3687,10.9335],[76.3793,10.9521],[76.387,10.9546],[76.3945,10.96],[76.3978,10.9573],[76.4043,10.9604],[76.4081,10.9427],[76.4123,10.9409],[76.417,10.9439],[76.4235,10.9395],[76.4267,10.9416],[76.4378,10.942],[76.4625,10.9317],[76.4741,10.9029],[76.4865,10.9018],[76.4928,10.903],[76.4965,10.9003],[76.503,10.9029],[76.504,10.899],[76.5075,10.8978],[76.5093,10.8881],[76.5185,10.8834],[76.5109,10.8795],[76.5034,10.8784],[76.4759,10.8788],[76.4736,10.8673],[76.4655,10.8679],[76.465,10.8617],[76.4589,10.8592],[76.4528,10.8522],[76.455,10.8333],[76.4509,10.8114],[76.4529,10.8033],[76.4455,10.8042],[76.4427,10.7948],[76.437,10.7902],[76.4491,10.7727],[76.4675,10.7748],[76.4749,10.7662],[76.4805,10.7556],[76.4725,10.7484],[76.4683,10.741],[76.4651,10.7404],[76.4608,10.7442],[76.4522,10.7443],[76.4305,10.7409],[76.4004,10.7405],[76.3934,10.7383],[76.3862,10.7406],[76.3832,10.7445],[76.3783,10.7571],[76.3738,10.7614],[76.3556,10.7565],[76.3517,10.7512],[76.3492,10.7396],[76.3469,10.737],[76.3304,10.741],[76.316,10.7375],[76.2788,10.7501],[76.271,10.7476],[76.2589,10.7478],[76.2427,10.7403],[76.2379,10.742],[76.236,10.7449],[76.2361,10.7611],[76.2332,10.7656],[76.2237,10.7661],[76.2146,10.7743],[76.2117,10.775],[76.2037,10.7714],[76.1831,10.7767],[76.1809,10.7742],[76.1951,10.7613],[76.1941,10.7466],[76.1873,10.7452],[76.182,10.7412],[76.1784,10.7315],[76.1721,10.7266],[76.171,10.7207],[76.1626,10.7115],[76.1616,10.7055],[76.1544,10.6979],[76.1502,10.701],[76.1476,10.7078],[76.1457,10.7086],[76.1442,10.7043],[76.1362,10.7101],[76.1293,10.7099],[76.1233,10.7135],[76.1194,10.7059],[76.1163,10.7032],[76.1098,10.7059],[76.0956,10.7159],[76.0615,10.7208],[76.0623,10.7246],[76.0555,10.7383],[76.051,10.7357],[76.0401,10.7364],[76.038,10.7469],[76.0324,10.7467],[76.0339,10.7545],[76.0318,10.7554],[76.035,10.7867],[76.036,10.7881],[76.0407,10.7874],[76.0416,10.7906],[76.0388,10.7945],[76.04,10.7965],[76.0271,10.8003],[76.0284,10.8065],[76.0189,10.8151],[76.021,10.8184],[76.0253,10.8189],[76.0277,10.8271],[76.0332,10.8371],[76.0373,10.8394],[76.0436,10.8381],[76.0599,10.8303],[76.0857,10.8322],[76.0909,10.8346],[76.0945,10.8394],[76.0955,10.8451],[76.0939,10.8572],[76.0971,10.862],[76.1025,10.8587],[76.1049,10.8592],[76.1073,10.8629],[76.1079,10.8718],[76.1106,10.8735],[76.1193,10.871],[76.1228,10.8718],[76.1201,10.8815],[76.1212,10.8888]]]]}},{"type":"Feature","properties":{"name":"Palakkad","taluk":"Palakkad","matched":true,"gadm":"Palghat"},"geometry":{"type":"MultiPolygon","coordinates":[[[[76.6429,10.693],[76.6434,10.7145],[76.6344,10.7187],[76.6294,10.7125],[76.6286,10.7148],[76.6251,10.7149],[76.6217,10.7083],[76.6184,10.7079],[76.6148,10.705],[76.6093,10.7075],[76.6108,10.7155],[76.6074,10.7192],[76.6049,10.7284],[76.6,10.7337],[76.5971,10.747],[76.587,10.7582],[76.5762,10.7564],[76.5747,10.7593],[76.5759,10.7677],[76.5735,10.7702],[76.5701,10.7692],[76.5595,10.7721],[76.5582,10.7694],[76.5443,10.7703],[76.5432,10.7736],[76.5407,10.774],[76.5425,10.7772],[76.5395,10.7777],[76.5377,10.7804],[76.5211,10.7767],[76.5093,10.7706],[76.5057,10.7652],[76.5007,10.7625],[76.4847,10.7586],[76.4805,10.7556],[76.4749,10.7662],[76.4675,10.7748],[76.4491,10.7727],[76.437,10.7902],[76.4427,10.7948],[76.4455,10.8042],[76.4529,10.8033],[76.4509,10.8114],[76.455,10.8333],[76.4528,10.8522],[76.4589,10.8592],[76.465,10.8617],[76.4655,10.8679],[76.4736,10.8673],[76.4759,10.8788],[76.5034,10.8784],[76.5109,10.8795],[76.5185,10.8834],[76.5226,10.8819],[76.5288,10.8752],[76.547,10.8803],[76.5518,10.8751],[76.5592,10.8714],[76.5597,10.9066],[76.561,10.9112],[76.5647,10.9124],[76.5872,10.9108],[76.6012,10.9224],[76.619,10.9171],[76.6311,10.9205],[76.6528,10.92],[76.6749,10.9064],[76.6846,10.9024],[76.7004,10.9008],[76.7114,10.8956],[76.7185,10.8898],[76.7279,10.8868],[76.7327,10.881],[76.7394,10.8844],[76.744,10.8849],[76.7491,10.8848],[76.7619,10.8798],[76.7667,10.8817],[76.773,10.8816],[76.7853,10.8715],[76.7909,10.871],[76.8176,10.8618],[76.8209,10.8589],[76.8246,10.8504],[76.8387,10.8376],[76.8452,10.8265],[76.8371,10.8155],[76.8404,10.8077],[76.838,10.8024],[76.8209,10.8009],[76.8184,10.803],[76.8152,10.8021],[76.8172,10.7956],[76.8079,10.7852],[76.8242,10.7862],[76.8239,10.7827],[76.8115,10.7718],[76.8047,10.7711],[76.8052,10.761],[76.7958,10.7625],[76.7946,10.7596],[76.7976,10.7558],[76.804,10.7542],[76.8038,10.7511],[76.8012,10.751],[76.8014,10.7454],[76.7958,10.7467],[76.7953,10.7399],[76.7878,10.7458],[76.7781,10.7472],[76.7771,10.7433],[76.7796,10.7402],[76.7764,10.7373],[76.7748,10.732],[76.7778,10.7323],[76.7779,10.7293],[76.7611,10.7256],[76.7632,10.7185],[76.7623,10.7137],[76.7477,10.6998],[76.7379,10.7006],[76.738,10.7042],[76.7239,10.703],[76.7239,10.6974],[76.7168,10.6939],[76.7144,10.6855],[76.7107,10.6821],[76.704,10.6887],[76.7002,10.686],[76.6956,10.6928],[76.6927,10.6926],[76.6964,10.6835],[76.6914,10.6867],[76.6892,10.685],[76.6902,10.6818],[76.6863,10.6823],[76.6812,10.6751],[76.6756,10.6739],[76.6659,10.6753],[76.6493,10.6903],[76.6429,10.693]]]]}},{"type":"Feature","properties":{"name":"Adur","taluk":null,"matched":false,"gadm":"Adur"},"geometry":{"type":"MultiPolygon","coordinates":[[[[76.6262,9.2227],[76.637,9.2257],[76.6442,9.2321],[76.6477,9.2283],[76.6529,9.2288],[76.6595,9.2213],[76.6646,9.2227],[76.6732,9.2217],[76.6786,9.2229],[76.6785,9.2187],[76.6817,9.2148],[76.6854,9.2173],[76.6908,9.2151],[76.6958,9.2161],[76.7133,9.215],[76.7212,9.2122],[76.7287,9.2053],[76.7391,9.2007],[76.7428,9.2002],[76.7459,9.2035],[76.7535,9.2062],[76.7589,9.2058],[76.7612,9.2034],[76.7647,9.2029],[76.7729,9.2054],[76.7868,9.1943],[76.8003,9.188],[76.8073,9.1867],[76.8039,9.1806],[76.8171,9.176],[76.8247,9.1697],[76.8332,9.1702],[76.8399,9.1678],[76.8566,9.1545],[76.8686,9.1604],[76.869,9.1697],[76.877,9.1649],[76.8793,9.1606],[76.8883,9.1619],[76.8931,9.161],[76.9003,9.153],[76.9078,9.1576],[76.9127,9.1579],[76.9105,9.1482],[76.9133,9.1311],[76.926,9.1297],[76.934,9.1244],[76.9498,9.1194],[76.9327,9.1085],[76.9209,9.1095],[76.8983,9.1162],[76.8893,9.1153],[76.8883,9.108],[76.8867,9.1086],[76.8814,9.1225],[76.8744,9.1164],[76.8598,9.1225],[76.852,9.1152],[76.8476,9.1169],[76.8446,9.1091],[76.8399,9.1108],[76.8351,9.1047],[76.8353,9.0955],[76.8334,9.0907],[76.8215,9.086],[76.8133,9.0857],[76.8081,9.0877],[76.8019,9.093],[76.7979,9.0997],[76.7692,9.1059],[76.7518,9.09],[76.7531,9.0818],[76.7556,9.0776],[76.7555,9.0673],[76.7435,9.0656],[76.7425,9.0798],[76.7401,9.0814],[76.7331,9.0753],[76.7289,9.0753],[76.7256,9.0788],[76.7232,9.0787],[76.7206,9.074],[76.7142,9.0768],[76.7096,9.0743],[76.6584,9.0852],[76.6451,9.0863],[76.6417,9.0895],[76.6412,9.0995],[76.6344,9.1097],[76.641,9.1148],[76.641,9.1418],[76.6524,9.1419],[76.6582,9.1441],[76.6593,9.1603],[76.661,9.1629],[76.6697,9.1617],[76.6713,9.1655],[76.6534,9.1906],[76.6394,9.1925],[76.6352,9.2],[76.6321,9.1996],[76.6325,9.1939],[76.6299,9.1946],[76.6276,9.2013],[76.6296,9.204],[76.6292,9.2071],[76.6265,9.2072],[76.6293,9.2104],[76.6262,9.2227]]]]}},{"type":"Feature","properties":{"name":"MALLAPPALLY","taluk":"MALLAPPALLY","matched":true,"gadm":"Mallapalli"},"geometry":{"type":"MultiPolygon","coordinates":[[[[76.5799,9.4077],[76.5827,9.41],[76.5778,9.4195],[76.5795,9.4292],[76.5773,9.4333],[76.5777,9.4366],[76.5861,9.4412],[76.5892,9.4412],[76.589,9.4494],[76.5912,9.4501],[76.5952,9.4455],[76.5965,9.451],[76.6011,9.4525],[76.6133,9.4521],[76.6121,9.455],[76.6154,9.4624],[76.6179,9.4621],[76.6223,9.4557],[76.6266,9.4622],[76.6274,9.4683],[76.6399,9.4728],[76.6587,9.4721],[76.6654,9.474],[76.6723,9.4697],[76.6858,9.4681],[76.6874,9.456],[76.6948,9.4466],[76.7004,9.447],[76.7048,9.4515],[76.7179,9.4573],[76.7171,9.4618],[76.7202,9.465],[76.7332,9.4657],[76.7393,9.4537],[76.7364,9.4458],[76.738,9.4441],[76.7429,9.4447],[76.745,9.4427],[76.7473,9.4346],[76.7497,9.4314],[76.7561,9.4321],[76.7685,9.4382],[76.7789,9.4368],[76.7766,9.4333],[76.7683,9.4279],[76.7627,9.4198],[76.755,9.4146],[76.7477,9.4132],[76.7453,9.4077],[76.7423,9.4055],[76.7484,9.3998],[76.75,9.3961],[76.7462,9.3935],[76.7495,9.3884],[76.7406,9.3833],[76.734,9.3839],[76.7273,9.3904],[76.723,9.3838],[76.708,9.3921],[76.7019,9.3918],[76.6993,9.3891],[76.7026,9.3784],[76.681,9.3777],[76.6741,9.3824],[76.6594,9.382],[76.6374,9.375],[76.6148,9.3868],[76.6101,9.3854],[76.6033,9.3763],[76.5988,9.3729],[76.5897,9.3754],[76.5837,9.3798],[76.5842,9.389],[76.5799,9.4077]]]]}},{"type":"Feature","properties":{"name":"n.a.(2275)","taluk":null,"matched":false,"gadm":"n.a.(2275)"},"geometry":{"type":"MultiPolygon","coordinates":[[[[76.6442,9.2321],[76.6395,9.244],[76.6421,9.2504],[76.6496,9.2596],[76.6633,9.2613],[76.668,9.2719],[76.6782,9.2747],[76.6791,9.2868],[76.6728,9.2864],[76.6721,9.2823],[76.6706,9.2819],[76.6663,9.2863],[76.6614,9.281],[76.6537,9.2774],[76.6449,9.2783],[76.6411,9.281],[76.6403,9.297],[76.633,9.305],[76.6244,9.3183],[76.6305,9.3233],[76.6347,9.3211],[76.6386,9.3213],[76.6588,9.3251],[76.6675,9.321],[76.6877,9.3262],[76.69,9.3346],[76.69,9.3441],[76.6933,9.3462],[76.6974,9.3435],[76.6994,9.3501],[76.7048,9.347],[76.7122,9.3393],[76.715,9.3388],[76.7145,9.3355],[76.7296,9.3172],[76.7471,9.3235],[76.7511,9.3285],[76.7564,9.3306],[76.7663,9.3127],[76.7785,9.3071],[76.7813,9.3034],[76.7822,9.2951],[76.7841,9.2914],[76.7886,9.2901],[76.7935,9.2896],[76.797,9.2983],[76.8013,9.3042],[76.8065,9.3032],[76.8091,9.3001],[76.8119,9.309],[76.8252,9.2967],[76.8286,9.2973],[76.8334,9.3036],[76.8385,9.3057],[76.8417,9.2938],[76.8516,9.2884],[76.854,9.285],[76.8566,9.2881],[76.8671,9.2841],[76.8868,9.2823],[76.8905,9.2847],[76.8865,9.2874],[76.8857,9.2913],[76.8925,9.289],[76.905,9.2904],[76.9103,9.2891],[76.9138,9.2913],[76.9177,9.2898],[76.9346,9.2909],[76.9502,9.2873],[76.9569,9.2837],[76.9576,9.2873],[76.9555,9.2912],[76.9696,9.2908],[76.9843,9.2842],[76.9958,9.2759],[77.0064,9.2817],[77.0114,9.2805],[77.0376,9.2654],[77.0478,9.2699],[77.0742,9.266],[77.0827,9.2668],[77.0901,9.2586],[77.0948,9.2589],[77.1047,9.254],[77.1154,9.2515],[77.1151,9.2407],[77.1169,9.2362],[77.1202,9.2325],[77.125,9.231],[77.1279,9.2273],[77.1294,9.2214],[77.1295,9.2087],[77.1337,9.2061],[77.1351,9.2032],[77.1393,9.2029],[77.141,9.1999],[77.1454,9.198],[77.1852,9.194],[77.191,9.1884],[77.2005,9.1839],[77.2095,9.1837],[77.2218,9.1742],[77.2357,9.1776],[77.2366,9.1792],[77.2433,9.1761],[77.2484,9.1758],[77.2523,9.165],[77.2496,9.156],[77.2518,9.143],[77.2461,9.1392],[77.2454,9.1355],[77.2377,9.13],[77.2302,9.1148],[77.2257,9.1141],[77.217,9.1081],[77.2117,9.1064],[77.2094,9.0976],[77.2048,9.0958],[77.2022,9.0914],[77.1959,9.0884],[77.1897,9.0752],[77.1928,9.065],[77.1915,9.062],[77.1888,9.0605],[77.1861,9.0632],[77.1755,9.0682],[77.1709,9.0663],[77.1671,9.0664],[77.1624,9.0691],[77.15,9.0673],[77.1388,9.0711],[77.1404,9.0762],[77.1301,9.0753],[77.1206,9.0778],[77.1058,9.0846],[77.0909,9.0875],[77.0639,9.1021],[77.0521,9.1042],[77.0498,9.1082],[77.0413,9.1115],[77.0384,9.1184],[77.0332,9.1176],[77.0269,9.1142],[77.02,9.1163],[77.017,9.1194],[77.01,9.1187],[77.0026,9.1225],[76.994,9.1308],[76.984,9.1241],[76.9779,9.1292],[76.9574,9.1385],[76.9324,9.1533],[76.9219,9.1615],[76.9147,9.1636],[76.9127,9.1579],[76.9078,9.1576],[76.9003,9.153],[76.8931,9.161],[76.8883,9.1619],[76.8793,9.1606],[76.877,9.1649],[76.869,9.1697],[76.8686,9.1604],[76.8566,9.1545],[76.8399,9.1678],[76.8332,9.1702],[76.8247,9.1697],[76.8171,9.176],[76.8039,9.1806],[76.8073,9.1867],[76.8003,9.188],[76.7868,9.1943],[76.7729,9.2054],[76.7647,9.2029],[76.7612,9.2034],[76.7589,9.2058],[76.7535,9.2062],[76.7459,9.2035],[76.7428,9.2002],[76.7391,9.2007],[76.7287,9.2053],[76.7212,9.2122],[76.7133,9.215],[76.6958,9.2161],[76.6908,9.2151],[76.6854,9.2173],[76.6817,9.2148],[76.6785,9.2187],[76.6786,9.2229],[76.6732,9.2217],[76.6646,9.2227],[76.6595,9.2213],[76.6529,9.2288],[76.6477,9.2283],[76.6442,9.2321]]]]}},{"type":"Feature","properties":{"name":"Rani","taluk":null,"matched":false,"gadm":"Rani"},"geometry":{"type":"MultiPolygon","coordinates":[[[[76.9253,9.4216],[76.9484,9.4212],[76.963,9.4165],[76.9775,9.4141],[76.9846,9.4147],[76.9902,9.4104],[76.9992,9.4114],[76.9988,9.4005],[77.0066,9.3983],[77.0145,9.399],[77.0218,9.404],[77.0389,9.4088],[77.0523,9.408],[77.0419,9.4248],[77.0332,9.4426],[77.0354,9.448],[77.0393,9.4514],[77.0479,9.4505],[77.0547,9.4461],[77.0582,9.4465],[77.0725,9.4527],[77.089,9.4698],[77.1048,9.4693],[77.1161,9.4831],[77.1263,9.4807],[77.1284,9.4771],[77.1259,9.4614],[77.1278,9.4519],[77.14,9.4605],[77.1513,9.4609],[77.1524,9.4556],[77.1538,9.4565],[77.1537,9.452],[77.1657,9.4617],[77.1675,9.4554],[77.1695,9.4544],[77.1669,9.4485],[77.1694,9.4452],[77.1723,9.4462],[77.174,9.4413],[77.1768,9.4404],[77.1819,9.4418],[77.1862,9.4404],[77.1893,9.4421],[77.1942,9.4371],[77.1917,9.4326],[77.1959,9.4339],[77.1986,9.4297],[77.2085,9.4238],[77.207,9.4156],[77.2097,9.4131],[77.2104,9.4095],[77.2148,9.4107],[77.2165,9.4072],[77.214,9.4018],[77.2321,9.3763],[77.2334,9.3723],[77.2277,9.3605],[77.2268,9.3495],[77.2205,9.3402],[77.2238,9.3306],[77.2171,9.3225],[77.2208,9.3167],[77.2104,9.3048],[77.211,9.2872],[77.214,9.2882],[77.2211,9.2836],[77.2232,9.2736],[77.2255,9.2761],[77.2297,9.2731],[77.2309,9.2799],[77.2413,9.2766],[77.2454,9.2712],[77.2518,9.2704],[77.2676,9.2624],[77.2657,9.2437],[77.2625,9.2409],[77.2636,9.2319],[77.2595,9.2244],[77.2614,9.217],[77.2668,9.2088],[77.2503,9.1902],[77.2397,9.1899],[77.2357,9.1776],[77.2218,9.1742],[77.2095,9.1837],[77.2005,9.1839],[77.191,9.1884],[77.1852,9.194],[77.1454,9.198],[77.141,9.1999],[77.1393,9.2029],[77.1351,9.2032],[77.1337,9.2061],[77.1295,9.2087],[77.1294,9.2214],[77.1279,9.2273],[77.125,9.231],[77.1202,9.2325],[77.1151,9.2407],[77.1154,9.2515],[77.1047,9.254],[77.0948,9.2589],[77.0901,9.2586],[77.0827,9.2668],[77.0742,9.266],[77.0478,9.2699],[77.0376,9.2654],[77.0114,9.2805],[77.0064,9.2817],[76.9958,9.2759],[76.9843,9.2842],[76.9696,9.2908],[76.9555,9.2912],[76.9576,9.2873],[76.9569,9.2837],[76.9502,9.2873],[76.9346,9.2909],[76.9177,9.2898],[76.9138,9.2913],[76.9103,9.2891],[76.905,9.2904],[76.8925,9.289],[76.8857,9.2913],[76.8865,9.2874],[76.8905,9.2847],[76.8868,9.2823],[76.8671,9.2841],[76.8566,9.2881],[76.854,9.285],[76.8516,9.2884],[76.8417,9.2938],[76.8385,9.3057],[76.8334,9.3036],[76.8286,9.2973],[76.8252,9.2967],[76.8119,9.309],[76.8091,9.3001],[76.8065,9.3032],[76.8013,9.3042],[76.797,9.2983],[76.7935,9.2896],[76.7886,9.2901],[76.7841,9.2914],[76.7822,9.2951],[76.7813,9.3034],[76.7785,9.3071],[76.7663,9.3127],[76.7564,9.3306],[76.7511,9.3285],[76.7471,9.3235],[76.7296,9.3172],[76.7145,9.3355],[76.715,9.3388],[76.7122,9.3393],[76.7048,9.347],[76.6994,9.3501],[76.6982,9.3538],[76.6992,9.3584],[76.7077,9.3587],[76.708,9.363],[76.7013,9.3702],[76.7026,9.3784],[76.6993,9.3891],[76.7019,9.3918],[76.708,9.3921],[76.723,9.3838],[76.7273,9.3904],[76.734,9.3839],[76.7406,9.3833],[76.7495,9.3884],[76.7462,9.3935],[76.75,9.3961],[76.7484,9.3998],[76.7423,9.4055],[76.7453,9.4077],[76.7477,9.4132],[76.755,9.4146],[76.7627,9.4198],[76.7683,9.4279],[76.7766,9.4333],[76.7802,9.4401],[76.7797,9.4437],[76.783,9.4446],[76.7859,9.4428],[76.7876,9.446],[76.8018,9.4467],[76.8065,9.4439],[76.8105,9.4378],[76.8137,9.4389],[76.8158,9.442],[76.8358,9.4388],[76.8404,9.4491],[76.8588,9.4381],[76.8706,9.4365],[76.896,9.4194],[76.9076,9.418],[76.9097,9.4099],[76.9176,9.4113],[76.9215,9.4141],[76.9243,9.4136],[76.9253,9.4216]]]]}},{"type":"Feature","properties":{"name":"Thiruvalla","taluk":"Thiruvalla","matched":true,"gadm":"Tiruvalla"},"geometry":{"type":"MultiPolygon","coordinates":[[[[76.6305,9.3233],[76.6278,9.328],[76.6289,9.3324],[76.6275,9.3348],[76.6178,9.3348],[76.6143,9.3325],[76.6102,9.3326],[76.5909,9.3375],[76.5825,9.3419],[76.5667,9.3402],[76.5588,9.3462],[76.5452,9.3391],[76.542,9.3419],[76.5372,9.3397],[76.5398,9.3362],[76.5458,9.3349],[76.5445,9.3299],[76.5407,9.3273],[76.5405,9.3165],[76.5358,9.3144],[76.5228,9.3117],[76.5168,9.3163],[76.5021,9.3168],[76.493,9.3136],[76.4875,9.3138],[76.4749,9.319],[76.4663,9.3188],[76.4625,9.3216],[76.4641,9.3267],[76.4759,9.3396],[76.4818,9.3398],[76.4986,9.3457],[76.5004,9.3553],[76.5094,9.3555],[76.5098,9.3581],[76.5036,9.3596],[76.4975,9.3637],[76.4956,9.3688],[76.4985,9.3693],[76.4985,9.3742],[76.5009,9.3797],[76.4985,9.3864],[76.5018,9.3931],[76.502,9.4006],[76.5103,9.4002],[76.5137,9.4049],[76.5166,9.4045],[76.5172,9.4069],[76.5204,9.409],[76.5226,9.4067],[76.5267,9.4076],[76.5308,9.4137],[76.5349,9.4144],[76.5397,9.4128],[76.5432,9.4039],[76.5469,9.4033],[76.5516,9.4043],[76.5641,9.4132],[76.568,9.414],[76.5772,9.4101],[76.5799,9.4077],[76.5842,9.389],[76.5837,9.3798],[76.5897,9.3754],[76.5988,9.3729],[76.6033,9.3763],[76.6101,9.3854],[76.6148,9.3868],[76.6374,9.375],[76.6594,9.382],[76.6741,9.3824],[76.681,9.3777],[76.7026,9.3784],[76.7013,9.3702],[76.708,9.363],[76.7077,9.3587],[76.6992,9.3584],[76.6982,9.3538],[76.6994,9.3501],[76.6974,9.3435],[76.6933,9.3462],[76.69,9.3441],[76.69,9.3346],[76.6877,9.3262],[76.6675,9.321],[76.6588,9.3251],[76.6386,9.3213],[76.6347,9.3211],[76.6305,9.3233]]]]}},{"type":"Feature","properties":{"name":"Chirayinkil","taluk":null,"matched":false,"gadm":"Chirayinkil"},"geometry":{"type":"MultiPolygon","coordinates":[[[[76.7635,8.8516],[76.7685,8.8523],[76.7707,8.8488],[76.7818,8.8468],[76.785,8.8433],[76.7891,8.8425],[76.7914,8.847],[76.7961,8.8464],[76.8006,8.8498],[76.8065,8.8462],[76.811,8.8352],[76.818,8.8354],[76.8314,8.8271],[76.8318,8.8194],[76.8349,8.8172],[76.8382,8.8097],[76.8421,8.8081],[76.8442,8.8091],[76.8533,8.8036],[76.863,8.8011],[76.87,8.7973],[76.8751,8.8028],[76.8853,8.8027],[76.9029,8.7838],[76.9056,8.7765],[76.8987,8.7707],[76.9147,8.7574],[76.9178,8.7529],[76.9172,8.7484],[76.9111,8.7444],[76.9106,8.7399],[76.8979,8.7366],[76.8896,8.7233],[76.8803,8.7191],[76.8806,8.7148],[76.8752,8.711],[76.8733,8.7143],[76.8687,8.7139],[76.864,8.7198],[76.8559,8.7098],[76.8542,8.7052],[76.8576,8.704],[76.8587,8.7002],[76.868,8.697],[76.8699,8.691],[76.8685,8.6788],[76.8647,8.6692],[76.8667,8.6666],[76.863,8.6626],[76.8628,8.6518],[76.8593,8.651],[76.8554,8.6546],[76.8533,8.6647],[76.8397,8.6641],[76.8284,8.6547],[76.8255,8.6587],[76.8084,8.644],[76.8061,8.6388],[76.8068,8.6348],[76.8111,8.6323],[76.8188,8.6319],[76.8195,8.6276],[76.8177,8.6235],[76.8146,8.6215],[76.8049,8.6229],[76.8029,8.6188],[76.803,8.6125],[76.7857,8.6324],[76.7757,8.6471],[76.7596,8.6674],[76.7557,8.6701],[76.7207,8.7151],[76.7063,8.7299],[76.7046,8.7343],[76.6996,8.7376],[76.6954,8.7479],[76.6893,8.7551],[76.6818,8.7693],[76.6766,8.7757],[76.6778,8.7834],[76.6864,8.7832],[76.6878,8.7851],[76.691,8.7818],[76.6945,8.7862],[76.7061,8.7938],[76.727,8.7877],[76.7438,8.7871],[76.7448,8.7908],[76.752,8.7898],[76.7565,8.7933],[76.7542,8.7958],[76.7558,8.7963],[76.7573,8.8005],[76.776,8.8007],[76.7769,8.8047],[76.7738,8.8091],[76.7691,8.8098],[76.7691,8.8117],[76.7724,8.8135],[76.7759,8.8131],[76.778,8.8191],[76.7619,8.8355],[76.7651,8.8448],[76.7635,8.8516]]]]}},{"type":"Feature","properties":{"name":"Nedumangad","taluk":"Nedumangad","matched":true,"gadm":"Nedumangad"},"geometry":{"type":"MultiPolygon","coordinates":[[[[76.9178,8.7529],[76.9352,8.763],[76.9427,8.762],[76.9568,8.7647],[76.9605,8.7752],[76.9639,8.7774],[76.9705,8.7768],[76.9788,8.7735],[76.989,8.7624],[77.0121,8.7659],[77.0022,8.7806],[76.9961,8.8004],[76.9998,8.8052],[77.0071,8.8073],[77.0097,8.8212],[77.0172,8.8332],[77.0275,8.8364],[77.0354,8.8363],[77.0648,8.829],[77.0813,8.8219],[77.0903,8.8207],[77.0934,8.8161],[77.1057,8.8096],[77.1176,8.7986],[77.132,8.7929],[77.1368,8.7873],[77.1416,8.7858],[77.1705,8.7666],[77.183,8.7611],[77.1808,8.7576],[77.1834,8.7534],[77.1837,8.7481],[77.1811,8.7408],[77.1765,8.735],[77.1709,8.7334],[77.1627,8.7352],[77.1572,8.7408],[77.1553,8.7376],[77.1629,8.7209],[77.1617,8.7152],[77.167,8.7076],[77.1793,8.6996],[77.183,8.69],[77.1877,8.6838],[77.1905,8.6712],[77.1871,8.6623],[77.1985,8.6411],[77.2124,8.6288],[77.2187,8.6184],[77.2283,8.6129],[77.2165,8.6089],[77.2168,8.5999],[77.2132,8.5988],[77.2077,8.6087],[77.2001,8.6095],[77.1969,8.5966],[77.1905,8.5873],[77.1859,8.5834],[77.1861,8.5736],[77.1796,8.5681],[77.1615,8.5648],[77.1463,8.5647],[77.1431,8.5582],[77.1434,8.5487],[77.1396,8.5498],[77.1399,8.5452],[77.1382,8.5422],[77.1285,8.5465],[77.1221,8.5448],[77.1111,8.5459],[77.1072,8.5422],[77.099,8.5424],[77.1035,8.5241],[77.1082,8.52],[77.107,8.5101],[77.1094,8.5066],[77.1011,8.4994],[77.1004,8.4955],[77.0957,8.4978],[77.076,8.4954],[77.0698,8.4976],[77.0549,8.5146],[77.0507,8.5159],[77.0461,8.5144],[77.0416,8.5274],[77.0374,8.5306],[77.0186,8.538],[76.9974,8.5392],[76.9973,8.5419],[76.9757,8.5431],[76.9675,8.5374],[76.9535,8.5386],[76.9513,8.5513],[76.9418,8.5556],[76.9368,8.5552],[76.9323,8.5601],[76.9222,8.5639],[76.9206,8.5679],[76.9238,8.5711],[76.9235,8.5751],[76.9195,8.5747],[76.917,8.5769],[76.9185,8.5798],[76.9169,8.5816],[76.9146,8.5798],[76.9104,8.5841],[76.9135,8.5859],[76.9075,8.5985],[76.8965,8.6011],[76.8908,8.6047],[76.8864,8.6104],[76.8851,8.6166],[76.8758,8.6199],[76.8679,8.6346],[76.8704,8.6434],[76.8628,8.6518],[76.863,8.6626],[76.8667,8.6666],[76.8647,8.6692],[76.8685,8.6788],[76.8699,8.691],[76.868,8.697],[76.8587,8.7002],[76.8576,8.704],[76.8542,8.7052],[76.8559,8.7098],[76.864,8.7198],[76.8687,8.7139],[76.8733,8.7143],[76.8752,8.711],[76.8806,8.7148],[76.8803,8.7191],[76.8896,8.7233],[76.8979,8.7366],[76.9106,8.7399],[76.9111,8.7444],[76.9172,8.7484],[76.9178,8.7529]]]]}},{"type":"Feature","properties":{"name":"Neyyattinkara","taluk":"Neyyattinkara","matched":true,"gadm":"Neyyattinkara"},"geometry":{"type":"MultiPolygon","coordinates":[[[[76.9974,8.5392],[77.0186,8.538],[77.0374,8.5306],[77.0416,8.5274],[77.0461,8.5144],[77.0507,8.5159],[77.0549,8.5146],[77.0698,8.4976],[77.076,8.4954],[77.0957,8.4978],[77.1004,8.4955],[77.1011,8.4994],[77.1094,8.5066],[77.107,8.5101],[77.1082,8.52],[77.1035,8.5241],[77.099,8.5424],[77.1072,8.5422],[77.1111,8.5459],[77.1221,8.5448],[77.1285,8.5465],[77.1382,8.5422],[77.1399,8.5452],[77.1396,8.5498],[77.1434,8.5487],[77.1431,8.5582],[77.1463,8.5647],[77.1615,8.5648],[77.1796,8.5681],[77.1861,8.5736],[77.1859,8.5834],[77.1905,8.5873],[77.1969,8.5966],[77.2001,8.6095],[77.2077,8.6087],[77.2132,8.5988],[77.2168,8.5999],[77.2165,8.6089],[77.2283,8.6129],[77.2284,8.5978],[77.2515,8.571],[77.2597,8.5491],[77.2651,8.5426],[77.2652,8.5374],[77.2582,8.5281],[77.2525,8.5171],[77.2475,8.5014],[77.2324,8.4959],[77.2275,8.4906],[77.2226,8.4883],[77.2173,8.4961],[77.2064,8.5044],[77.1986,8.5039],[77.1865,8.4934],[77.1909,8.4882],[77.1946,8.4694],[77.1988,8.4602],[77.2091,8.4507],[77.2095,8.4377],[77.1887,8.4347],[77.1827,8.4275],[77.1798,8.4091],[77.1671,8.3955],[77.1645,8.3878],[77.1537,8.3774],[77.1494,8.3754],[77.1458,8.3817],[77.1407,8.3828],[77.1348,8.3785],[77.1358,8.3725],[77.1412,8.369],[77.1432,8.3623],[77.1354,8.3517],[77.1358,8.3457],[77.1475,8.3546],[77.152,8.3547],[77.1546,8.3514],[77.1568,8.3452],[77.1509,8.3355],[77.1511,8.3309],[77.1532,8.3257],[77.1597,8.3174],[77.1597,8.3125],[77.1548,8.3136],[77.1498,8.3219],[77.137,8.3201],[77.1306,8.3242],[77.1219,8.3229],[77.1115,8.3165],[77.1088,8.3129],[77.1009,8.3117],[77.1047,8.3016],[77.0982,8.3015],[77.0965,8.2981],[77.0907,8.2975],[77.0854,8.3007],[77.0857,8.3043],[77.0793,8.309],[77.0768,8.3085],[77.0646,8.3185],[77.0618,8.319],[77.0496,8.3296],[77.0471,8.3337],[77.0396,8.3379],[77.0276,8.349],[77.0179,8.356],[77.0088,8.3571],[77.0071,8.3632],[77.0032,8.3657],[77.0021,8.371],[76.9993,8.3718],[76.9954,8.3763],[76.9915,8.3751],[76.9887,8.3774],[76.9901,8.374],[76.9896,8.3729],[76.9849,8.3763],[76.984,8.3793],[76.9788,8.3815],[76.9776,8.3851],[76.992,8.3931],[77.005,8.3883],[77.0134,8.3956],[77.0243,8.414],[77.0173,8.4198],[77.0059,8.4236],[76.9953,8.4347],[76.9966,8.4402],[76.9897,8.4494],[76.9864,8.4614],[76.9873,8.4976],[76.9901,8.5075],[76.9968,8.5166],[76.9909,8.5304],[76.9974,8.5392]]]]}},{"type":"Feature","properties":{"name":"Thiruvananathapuram","taluk":"Thiruvananathapuram","matched":true,"gadm":"Trivandrum"},"geometry":{"type":"MultiPolygon","coordinates":[[[[76.8029,8.6125],[76.8029,8.6188],[76.8049,8.6229],[76.8146,8.6215],[76.8177,8.6235],[76.8195,8.6276],[76.8188,8.6319],[76.8111,8.6323],[76.8068,8.6348],[76.8061,8.6388],[76.8084,8.644],[76.8255,8.6587],[76.8284,8.6547],[76.8397,8.6641],[76.8533,8.6647],[76.8554,8.6546],[76.8593,8.651],[76.8628,8.6518],[76.8704,8.6434],[76.8679,8.6346],[76.8758,8.6199],[76.8851,8.6166],[76.8864,8.6104],[76.8908,8.6047],[76.8965,8.6011],[76.9075,8.5985],[76.9135,8.5859],[76.9104,8.5841],[76.9146,8.5798],[76.9169,8.5816],[76.9185,8.5798],[76.917,8.5769],[76.9195,8.5747],[76.9235,8.5751],[76.9238,8.5711],[76.9206,8.5679],[76.9222,8.5639],[76.9323,8.5601],[76.9368,8.5552],[76.9418,8.5556],[76.9513,8.5513],[76.9535,8.5386],[76.9675,8.5374],[76.9757,8.5431],[76.9973,8.5419],[76.9974,8.5392],[76.9909,8.5304],[76.9968,8.5166],[76.9901,8.5075],[76.9873,8.4976],[76.9864,8.4614],[76.9897,8.4494],[76.9966,8.4402],[76.9953,8.4347],[77.0059,8.4236],[77.0173,8.4198],[77.0243,8.414],[77.0134,8.3956],[77.005,8.3883],[76.992,8.3931],[76.9815,8.3869],[76.9749,8.3851],[76.9754,8.3888],[76.9721,8.3899],[76.9696,8.394],[76.9732,8.3962],[76.9707,8.4035],[76.9599,8.4218],[76.9563,8.4246],[76.9521,8.4318],[76.9457,8.4379],[76.9251,8.4643],[76.9232,8.4646],[76.9112,8.4801],[76.8904,8.5026],[76.8646,8.5368],[76.8393,8.566],[76.8029,8.6125]]]]}},{"type":"Feature","properties":{"name":"Chavakkad","taluk":"Chavakkad","matched":true,"gadm":"Chavakkad"},"geometry":{"type":"MultiPolygon","coordinates":[[[[75.9589,10.6846],[75.9643,10.6876],[75.9656,10.6856],[75.972,10.6855],[75.9724,10.6803],[75.9751,10.6796],[75.9757,10.6867],[75.9851,10.6878],[75.9867,10.6896],[75.9874,10.687],[75.9916,10.6869],[75.9953,10.6849],[75.9963,10.6823],[76.0019,10.6806],[76.0019,10.6781],[76.0168,10.672],[76.027,10.6566],[76.0253,10.6523],[76.0192,10.6511],[76.0247,10.646],[76.0245,10.6433],[76.0216,10.6428],[76.0292,10.6303],[76.0338,10.618],[76.0365,10.6189],[76.0436,10.6088],[76.0467,10.6087],[76.0546,10.5938],[76.0603,10.5906],[76.0675,10.5707],[76.0716,10.574],[76.0753,10.5701],[76.081,10.5805],[76.0881,10.5846],[76.0937,10.5852],[76.0973,10.5837],[76.0992,10.5782],[76.1013,10.578],[76.1022,10.5804],[76.1063,10.5828],[76.1101,10.5768],[76.1086,10.5693],[76.11,10.5611],[76.1043,10.5596],[76.1047,10.5564],[76.1079,10.5547],[76.1083,10.5441],[76.1165,10.5416],[76.1178,10.5381],[76.1127,10.536],[76.1192,10.5201],[76.1217,10.5189],[76.122,10.5152],[76.1259,10.5145],[76.1267,10.5046],[76.1231,10.5011],[76.1154,10.4981],[76.0975,10.497],[76.0788,10.4996],[76.0769,10.4971],[76.079,10.4809],[76.0853,10.4692],[76.0867,10.4624],[76.088,10.4405],[76.0977,10.4283],[76.1154,10.3899],[76.1222,10.3671],[76.1244,10.3638],[76.1221,10.3569],[76.1143,10.351],[76.1112,10.3465],[76.0999,10.3754],[76.0993,10.3807],[76.0968,10.3838],[76.0796,10.4276],[76.051,10.4868],[76.0399,10.5054],[76.0399,10.5071],[76.0426,10.5076],[76.041,10.5176],[76.034,10.5257],[76.0343,10.5299],[76.0374,10.5324],[76.0485,10.531],[76.0526,10.5321],[76.0543,10.5346],[76.0524,10.5435],[76.0576,10.5382],[76.0599,10.5393],[76.0635,10.5357],[76.0676,10.5446],[76.0665,10.5465],[76.0624,10.5465],[76.0599,10.5429],[76.0579,10.546],[76.0515,10.5454],[76.0496,10.5468],[76.0493,10.5518],[76.0451,10.5557],[76.0443,10.5599],[76.041,10.5643],[76.0421,10.5671],[76.0471,10.5665],[76.0474,10.5679],[76.0429,10.5746],[76.0415,10.5754],[76.0418,10.5715],[76.0376,10.5704],[76.0362,10.5679],[76.0376,10.5643],[76.0401,10.5626],[76.041,10.5579],[76.0435,10.5557],[76.0449,10.5499],[76.0474,10.5474],[76.0482,10.5351],[76.0474,10.5335],[76.0421,10.536],[76.0335,10.5349],[76.0335,10.5368],[76.0318,10.5371],[76.0335,10.5324],[76.031,10.5265],[76.0401,10.5113],[76.0396,10.5099],[76.0362,10.5101],[76.0232,10.536],[76.016,10.5563],[76.0026,10.5857],[75.9996,10.589],[75.9949,10.6035],[75.9788,10.6396],[75.9579,10.6815],[75.9571,10.6839],[75.9589,10.6846]]],[[[76.0518,10.5346],[76.0507,10.5335],[76.0493,10.5338],[76.0507,10.5354],[76.0518,10.5346]]],[[[76.0512,10.5388],[76.0512,10.5365],[76.0493,10.536],[76.0496,10.539],[76.0512,10.5388]]]]}},{"type":"Feature","properties":{"name":"Irinjalakuda","taluk":null,"matched":false,"gadm":"Irinjalakuda"},"geometry":{"type":"MultiPolygon","coordinates":[[[[76.4211,10.283],[76.4066,10.2886],[76.4049,10.2876],[76.4058,10.281],[76.4024,10.2802],[76.4019,10.2716],[76.3918,10.2693],[76.386,10.2596],[76.3805,10.256],[76.3798,10.2487],[76.3756,10.2466],[76.37,10.2469],[76.3683,10.2444],[76.368,10.2382],[76.3645,10.2346],[76.3331,10.2256],[76.3301,10.2234],[76.3267,10.208],[76.3244,10.2047],[76.3196,10.2015],[76.3025,10.1985],[76.3009,10.195],[76.3038,10.1737],[76.2958,10.1778],[76.2923,10.1766],[76.287,10.1708],[76.2657,10.1673],[76.2646,10.1724],[76.2585,10.1805],[76.2629,10.1878],[76.263,10.2002],[76.265,10.2063],[76.2612,10.2243],[76.2635,10.2236],[76.2679,10.2291],[76.2673,10.2315],[76.2619,10.228],[76.2608,10.2307],[76.2579,10.2291],[76.2479,10.2327],[76.2406,10.2308],[76.2337,10.2324],[76.2304,10.2313],[76.2289,10.2147],[76.2185,10.2094],[76.215,10.2096],[76.2124,10.221],[76.2203,10.2416],[76.2149,10.2518],[76.2096,10.2517],[76.2038,10.2458],[76.1999,10.25],[76.1782,10.2576],[76.1687,10.2641],[76.1625,10.2862],[76.1549,10.2907],[76.154,10.2944],[76.1575,10.31],[76.1462,10.3122],[76.1447,10.3156],[76.1481,10.324],[76.1437,10.3287],[76.1485,10.3422],[76.1481,10.3463],[76.142,10.3485],[76.1459,10.3556],[76.1401,10.3756],[76.1423,10.3868],[76.1407,10.3882],[76.1431,10.3947],[76.1455,10.3967],[76.1503,10.3972],[76.1624,10.3924],[76.1723,10.3985],[76.1858,10.4038],[76.1973,10.4019],[76.2041,10.3971],[76.2127,10.3967],[76.2124,10.3996],[76.2152,10.4017],[76.2189,10.4017],[76.2238,10.4168],[76.2313,10.4179],[76.2303,10.4247],[76.234,10.4284],[76.234,10.4347],[76.2395,10.4387],[76.2449,10.4537],[76.253,10.454],[76.2555,10.4576],[76.2588,10.4565],[76.2615,10.4574],[76.2638,10.4615],[76.2798,10.4611],[76.2901,10.4669],[76.2917,10.4644],[76.2965,10.4656],[76.3007,10.4634],[76.3156,10.4665],[76.3235,10.4608],[76.3265,10.4628],[76.3327,10.4604],[76.3471,10.4483],[76.3637,10.4493],[76.3662,10.4582],[76.3766,10.4576],[76.3914,10.463],[76.4204,10.4592],[76.4231,10.4686],[76.4295,10.4683],[76.438,10.4639],[76.4457,10.4703],[76.4623,10.4709],[76.4697,10.4771],[76.4763,10.4772],[76.4818,10.4718],[76.514,10.459],[76.5181,10.4558],[76.525,10.4431],[76.5281,10.4405],[76.547,10.436],[76.5477,10.4263],[76.5497,10.4243],[76.5547,10.428],[76.5593,10.429],[76.5751,10.4279],[76.5819,10.4221],[76.5898,10.4118],[76.5965,10.3929],[76.6102,10.3738],[76.6142,10.3716],[76.6194,10.3731],[76.6191,10.3682],[76.6218,10.3676],[76.6257,10.3713],[76.6346,10.3743],[76.6454,10.3694],[76.6478,10.3774],[76.6508,10.376],[76.6625,10.3633],[76.673,10.3598],[76.6749,10.3554],[76.6776,10.3546],[76.693,10.3561],[76.696,10.3633],[76.7091,10.3658],[76.7355,10.3584],[76.7455,10.3536],[76.7539,10.3546],[76.7545,10.3504],[76.7508,10.3429],[76.7483,10.3406],[76.7421,10.339],[76.7429,10.335],[76.7411,10.331],[76.743,10.3286],[76.751,10.329],[76.7604,10.3268],[76.7643,10.3289],[76.7654,10.3333],[76.7705,10.3325],[76.7754,10.3291],[76.7936,10.3301],[76.797,10.3371],[76.8062,10.34],[76.8192,10.3287],[76.8268,10.3303],[76.8242,10.3123],[76.8196,10.3026],[76.8197,10.2952],[76.83,10.2911],[76.8319,10.2838],[76.8385,10.2776],[76.8399,10.2775],[76.8406,10.2836],[76.8507,10.2828],[76.8606,10.2907],[76.8643,10.29],[76.8621,10.2825],[76.8623,10.2671],[76.8708,10.2641],[76.8771,10.2563],[76.8846,10.2551],[76.8918,10.2431],[76.8864,10.2453],[76.8831,10.2505],[76.8768,10.2492],[76.8741,10.2526],[76.8679,10.2551],[76.8667,10.2608],[76.8591,10.2641],[76.857,10.2617],[76.8549,10.2619],[76.8538,10.2646],[76.8352,10.273],[76.8332,10.2721],[76.8287,10.2762],[76.8271,10.276],[76.8241,10.2699],[76.8213,10.2684],[76.8184,10.2685],[76.8166,10.2718],[76.8078,10.2754],[76.7942,10.2776],[76.7878,10.2695],[76.7852,10.2694],[76.7832,10.2723],[76.7784,10.27],[76.7646,10.2693],[76.7642,10.264],[76.7588,10.2625],[76.7492,10.2618],[76.7381,10.2701],[76.7328,10.2672],[76.7181,10.2642],[76.6968,10.2621],[76.6873,10.2578],[76.6581,10.2641],[76.6519,10.2711],[76.6468,10.2729],[76.6347,10.2735],[76.6319,10.2688],[76.6275,10.267],[76.611,10.2672],[76.6069,10.2722],[76.5925,10.2744],[76.5815,10.2827],[76.579,10.2909],[76.5742,10.2911],[76.5676,10.2943],[76.5559,10.2857],[76.5617,10.2757],[76.5519,10.2769],[76.5418,10.2754],[76.5301,10.2808],[76.5151,10.2781],[76.4929,10.2794],[76.4835,10.2845],[76.4629,10.2845],[76.4506,10.289],[76.4394,10.2889],[76.4211,10.283]]]]}},{"type":"Feature","properties":{"name":"Kodungallur","taluk":null,"matched":false,"gadm":"Kodungallur"},"geometry":{"type":"MultiPolygon","coordinates":[[[[76.2585,10.1805],[76.2526,10.1816],[76.2509,10.1881],[76.2536,10.1893],[76.2541,10.1917],[76.2507,10.1932],[76.2428,10.1942],[76.2393,10.193],[76.2302,10.1972],[76.2261,10.1957],[76.2179,10.1968],[76.2111,10.2],[76.2064,10.1948],[76.2039,10.1944],[76.2024,10.1894],[76.1939,10.1887],[76.1774,10.1836],[76.1835,10.1893],[76.1924,10.191],[76.1913,10.1949],[76.1871,10.1946],[76.1757,10.189],[76.1651,10.1879],[76.1663,10.1837],[76.1635,10.1818],[76.1599,10.1885],[76.144,10.2343],[76.1421,10.2449],[76.1385,10.2521],[76.131,10.2793],[76.1296,10.2893],[76.1243,10.3029],[76.1243,10.3076],[76.1115,10.3446],[76.1118,10.348],[76.1221,10.3569],[76.1244,10.3638],[76.1137,10.3938],[76.1175,10.3946],[76.1242,10.391],[76.1283,10.3859],[76.1286,10.3797],[76.1311,10.3781],[76.1345,10.3787],[76.1407,10.3882],[76.1423,10.3868],[76.1401,10.3756],[76.1459,10.3556],[76.142,10.3485],[76.1481,10.3463],[76.1485,10.3422],[76.1437,10.3287],[76.1481,10.324],[76.1447,10.3156],[76.1462,10.3122],[76.1575,10.31],[76.154,10.2944],[76.1549,10.2907],[76.1625,10.2862],[76.1687,10.2641],[76.1715,10.2611],[76.1999,10.25],[76.2038,10.2458],[76.2096,10.2517],[76.2149,10.2518],[76.2203,10.2416],[76.2124,10.221],[76.215,10.2096],[76.2185,10.2094],[76.2289,10.2147],[76.2304,10.2313],[76.2337,10.2324],[76.2406,10.2308],[76.2479,10.2327],[76.2579,10.2291],[76.2608,10.2307],[76.2619,10.228],[76.2673,10.2315],[76.2679,10.2291],[76.2635,10.2236],[76.2612,10.2243],[76.265,10.2063],[76.263,10.2002],[76.2629,10.1878],[76.2585,10.1805]]]]}},{"type":"Feature","properties":{"name":"Thrissur","taluk":"Thrissur","matched":true,"gadm":"Trichur"},"geometry":{"type":"MultiPolygon","coordinates":[[[[76.3953,10.5805],[76.4013,10.5711],[76.4021,10.5654],[76.4061,10.5691],[76.4129,10.5689],[76.4141,10.5646],[76.4176,10.5639],[76.419,10.5561],[76.4226,10.5537],[76.4227,10.5486],[76.43,10.547],[76.4239,10.5303],[76.4244,10.5248],[76.4322,10.5187],[76.4354,10.514],[76.4414,10.5134],[76.453,10.4987],[76.4587,10.4941],[76.4581,10.489],[76.4615,10.4869],[76.4697,10.4771],[76.4623,10.4709],[76.4457,10.4703],[76.438,10.4639],[76.4295,10.4683],[76.4231,10.4686],[76.4204,10.4592],[76.3914,10.463],[76.3766,10.4576],[76.3662,10.4582],[76.3637,10.4493],[76.3471,10.4483],[76.3327,10.4604],[76.3265,10.4628],[76.3235,10.4608],[76.3156,10.4665],[76.3007,10.4634],[76.2965,10.4656],[76.2917,10.4644],[76.2901,10.4669],[76.2798,10.4611],[76.2638,10.4615],[76.2615,10.4574],[76.2588,10.4565],[76.2555,10.4576],[76.253,10.454],[76.2449,10.4537],[76.2395,10.4387],[76.234,10.4347],[76.234,10.4284],[76.2303,10.4247],[76.2313,10.4179],[76.2238,10.4168],[76.2189,10.4017],[76.2152,10.4017],[76.2124,10.3996],[76.2127,10.3967],[76.2041,10.3971],[76.1973,10.4019],[76.1858,10.4038],[76.1723,10.3985],[76.1624,10.3924],[76.1538,10.3968],[76.1455,10.3967],[76.1345,10.3787],[76.1311,10.3781],[76.1286,10.3797],[76.1283,10.3859],[76.1242,10.391],[76.1175,10.3946],[76.1137,10.3938],[76.0977,10.4283],[76.088,10.4405],[76.0867,10.4624],[76.0853,10.4692],[76.079,10.4809],[76.0769,10.4971],[76.0788,10.4996],[76.0975,10.497],[76.1154,10.4981],[76.1231,10.5011],[76.1267,10.5046],[76.1259,10.5145],[76.122,10.5152],[76.1217,10.5189],[76.1192,10.5201],[76.1127,10.536],[76.1178,10.5381],[76.1165,10.5416],[76.1083,10.5441],[76.1079,10.5547],[76.1047,10.5564],[76.1043,10.5596],[76.11,10.5611],[76.1086,10.5693],[76.1101,10.5768],[76.1063,10.5828],[76.1051,10.588],[76.1117,10.5926],[76.1067,10.5966],[76.1077,10.599],[76.1136,10.5972],[76.1174,10.6011],[76.1198,10.5993],[76.1289,10.6109],[76.1403,10.6114],[76.1412,10.6143],[76.1445,10.6136],[76.1444,10.6115],[76.1474,10.6097],[76.152,10.6005],[76.155,10.6005],[76.1576,10.6023],[76.158,10.6087],[76.1665,10.6084],[76.165,10.6193],[76.1681,10.6199],[76.1721,10.618],[76.1748,10.6204],[76.1771,10.6173],[76.1821,10.6191],[76.1802,10.6098],[76.1922,10.6091],[76.2105,10.6043],[76.2105,10.601],[76.2123,10.5983],[76.2181,10.5986],[76.2192,10.5937],[76.2258,10.5993],[76.2285,10.5967],[76.2355,10.6047],[76.2435,10.6087],[76.2485,10.5966],[76.2514,10.5936],[76.2561,10.5928],[76.2575,10.5893],[76.2624,10.5903],[76.2662,10.5963],[76.2703,10.5939],[76.276,10.5955],[76.2854,10.5906],[76.2937,10.5888],[76.3033,10.5908],[76.3145,10.5909],[76.3268,10.6021],[76.336,10.6144],[76.3536,10.6119],[76.3591,10.609],[76.3655,10.6025],[76.3709,10.6013],[76.3685,10.5955],[76.3741,10.5901],[76.3773,10.5936],[76.3809,10.5929],[76.3953,10.5805]]]]}},{"type":"Feature","properties":{"name":"Vadakkancheri","taluk":null,"matched":false,"gadm":"Vadakkancheri"},"geometry":{"type":"MultiPolygon","coordinates":[[[[76.0019,10.6806],[76.0098,10.6866],[76.0261,10.6919],[76.0311,10.6982],[76.0382,10.6961],[76.041,10.6981],[76.0423,10.6962],[76.0447,10.6973],[76.047,10.7065],[76.0547,10.7137],[76.0601,10.7155],[76.0597,10.7188],[76.0615,10.7208],[76.0956,10.7159],[76.1098,10.7059],[76.1163,10.7032],[76.1194,10.7059],[76.1233,10.7135],[76.1293,10.7099],[76.1362,10.7101],[76.1442,10.7043],[76.1457,10.7086],[76.1476,10.7078],[76.1502,10.701],[76.1544,10.6979],[76.1616,10.7055],[76.1626,10.7115],[76.171,10.7207],[76.1721,10.7266],[76.1784,10.7315],[76.182,10.7412],[76.1873,10.7452],[76.1941,10.7466],[76.1951,10.7613],[76.1809,10.7742],[76.1831,10.7767],[76.2037,10.7714],[76.2117,10.775],[76.2146,10.7743],[76.2237,10.7661],[76.2332,10.7656],[76.2361,10.7611],[76.236,10.7449],[76.2379,10.742],[76.2427,10.7403],[76.2589,10.7478],[76.271,10.7476],[76.2788,10.7501],[76.316,10.7375],[76.3304,10.741],[76.3469,10.737],[76.3492,10.7396],[76.3517,10.7512],[76.3556,10.7565],[76.3738,10.7614],[76.3783,10.7571],[76.3832,10.7445],[76.3862,10.7406],[76.3934,10.7383],[76.4004,10.7405],[76.4305,10.7409],[76.4522,10.7443],[76.4608,10.7442],[76.4651,10.7404],[76.4603,10.7345],[76.4611,10.7325],[76.4665,10.7301],[76.4698,10.725],[76.4676,10.7205],[76.4594,10.7156],[76.4571,10.7123],[76.453,10.6974],[76.4493,10.6912],[76.4409,10.6928],[76.4347,10.6892],[76.4423,10.6697],[76.4436,10.6606],[76.4425,10.652],[76.433,10.6559],[76.4313,10.6507],[76.4278,10.6476],[76.4273,10.6432],[76.4201,10.6431],[76.4154,10.64],[76.4156,10.6355],[76.4098,10.6211],[76.4118,10.6189],[76.417,10.6186],[76.4175,10.6126],[76.4199,10.608],[76.4156,10.6001],[76.4121,10.5976],[76.4066,10.5967],[76.4053,10.5947],[76.4071,10.5919],[76.4056,10.5882],[76.4007,10.5885],[76.3954,10.5914],[76.3939,10.5869],[76.3953,10.5805],[76.3809,10.5929],[76.3773,10.5936],[76.3741,10.5901],[76.3685,10.5955],[76.3709,10.6013],[76.3655,10.6025],[76.3591,10.609],[76.3536,10.6119],[76.3469,10.6131],[76.336,10.6144],[76.3268,10.6021],[76.3145,10.5909],[76.3033,10.5908],[76.2937,10.5888],[76.2854,10.5906],[76.276,10.5955],[76.2703,10.5939],[76.2662,10.5963],[76.2624,10.5903],[76.2575,10.5893],[76.2561,10.5928],[76.2514,10.5936],[76.2485,10.5966],[76.2435,10.6087],[76.2355,10.6047],[76.2285,10.5967],[76.2258,10.5993],[76.2192,10.5937],[76.2181,10.5986],[76.2123,10.5983],[76.2105,10.601],[76.2105,10.6043],[76.1922,10.6091],[76.1802,10.6098],[76.1821,10.6191],[76.1771,10.6173],[76.1748,10.6204],[76.1721,10.618],[76.1681,10.6199],[76.165,10.6193],[76.1665,10.6084],[76.158,10.6087],[76.1576,10.6023],[76.155,10.6005],[76.152,10.6005],[76.1499,10.6028],[76.1474,10.6097],[76.1444,10.6115],[76.1445,10.6136],[76.1412,10.6143],[76.1403,10.6114],[76.1289,10.6109],[76.1198,10.5993],[76.1174,10.6011],[76.1136,10.5972],[76.1077,10.599],[76.1067,10.5966],[76.1117,10.5926],[76.1051,10.588],[76.1063,10.5828],[76.1022,10.5804],[76.1013,10.578],[76.0992,10.5782],[76.0973,10.5837],[76.0937,10.5852],[76.0881,10.5846],[76.081,10.5805],[76.0753,10.5701],[76.0716,10.574],[76.0675,10.5707],[76.0603,10.5906],[76.0546,10.5938],[76.0467,10.6087],[76.0436,10.6088],[76.0365,10.6189],[76.0338,10.618],[76.0292,10.6303],[76.0216,10.6428],[76.0245,10.6433],[76.0247,10.646],[76.0192,10.6511],[76.0253,10.6523],[76.027,10.6566],[76.0168,10.672],[76.0019,10.6781],[76.0019,10.6806]]]]}},{"type":"Feature","properties":{"name":"MANANTHAVADY","taluk":"MANANTHAVADY","matched":true,"gadm":"Manantavadi"},"geometry":{"type":"MultiPolygon","coordinates":[[[[75.9252,11.9329],[75.9311,11.9311],[75.9484,11.9339],[75.9589,11.9286],[75.9726,11.9276],[75.9763,11.925],[75.9982,11.9236],[76.004,11.9319],[76.0184,11.935],[76.0296,11.9328],[76.0385,11.939],[76.0419,11.9433],[76.0478,11.9445],[76.0728,11.9613],[76.0913,11.9616],[76.1079,11.9706],[76.1074,11.8763],[76.1093,11.8586],[76.1081,11.8512],[76.1165,11.843],[76.1083,11.8358],[76.086,11.8279],[76.0832,11.824],[76.0857,11.811],[76.0827,11.8055],[76.0713,11.7962],[76.0746,11.7842],[76.0802,11.7841],[76.0912,11.7783],[76.0959,11.7786],[76.1127,11.7727],[76.11,11.766],[76.108,11.7531],[76.1103,11.749],[76.1171,11.7461],[76.1173,11.742],[76.1127,11.7332],[76.1087,11.7363],[76.0904,11.7343],[76.0842,11.7365],[76.0794,11.7293],[76.0787,11.7168],[76.0801,11.7128],[76.0761,11.7093],[76.0758,11.7054],[76.0715,11.7029],[76.0703,11.6997],[76.06,11.696],[76.0596,11.6886],[76.0568,11.6866],[76.054,11.6781],[76.0499,11.6753],[76.0401,11.675],[76.04,11.6786],[76.0358,11.681],[76.0346,11.6862],[76.0254,11.6893],[76.0207,11.6931],[76.0177,11.6871],[76.0143,11.6938],[76.0102,11.6931],[76.0087,11.6979],[76.0105,11.7023],[76.017,11.6999],[76.0163,11.7045],[76.019,11.7096],[76.0257,11.7162],[76.0219,11.719],[76.0164,11.7167],[76.0128,11.7184],[76.0095,11.7157],[75.9992,11.7131],[75.9987,11.7068],[75.9968,11.705],[75.9908,11.7044],[75.9877,11.7056],[75.9738,11.6996],[75.9708,11.6939],[75.9671,11.6989],[75.963,11.6965],[75.9548,11.6871],[75.9474,11.6845],[75.9455,11.687],[75.9418,11.6872],[75.9229,11.6813],[75.9134,11.6831],[75.9103,11.6819],[75.901,11.687],[75.8983,11.6901],[75.8907,11.6926],[75.8803,11.6914],[75.8734,11.6923],[75.8711,11.6947],[75.8642,11.6936],[75.8532,11.695],[75.8453,11.6935],[75.8443,11.6967],[75.8401,11.6992],[75.8391,11.7063],[75.8305,11.7113],[75.8248,11.7171],[75.8195,11.7183],[75.8157,11.7264],[75.8128,11.729],[75.7975,11.7366],[75.7903,11.7364],[75.7935,11.742],[75.7803,11.7531],[75.7806,11.7557],[75.784,11.7592],[75.7851,11.7682],[75.7888,11.7743],[75.7875,11.7833],[75.7834,11.787],[75.7722,11.7919],[75.7778,11.8021],[75.7917,11.8085],[75.7931,11.8178],[75.7917,11.8227],[75.7849,11.8296],[75.7858,11.835],[75.7872,11.8398],[75.7954,11.84],[75.7983,11.8419],[75.8026,11.8488],[75.8119,11.8492],[75.8195,11.8447],[75.8245,11.8437],[75.8288,11.8438],[75.8364,11.8484],[75.8397,11.8482],[75.8452,11.8431],[75.851,11.8411],[75.8586,11.8427],[75.8623,11.8397],[75.8703,11.8407],[75.8753,11.8376],[75.8822,11.8381],[75.8866,11.8358],[75.8958,11.8349],[75.9156,11.839],[75.919,11.8335],[75.9212,11.8338],[75.9231,11.8371],[75.9224,11.8457],[75.925,11.8546],[75.908,11.8668],[75.9237,11.8735],[75.9302,11.8818],[75.9316,11.8877],[75.929,11.9036],[75.9194,11.9147],[75.92,11.9206],[75.9252,11.9329]]]]}},{"type":"Feature","properties":{"name":"SULTHANBATHERY","taluk":"SULTHANBATHERY","matched":true,"gadm":"SultansBattery"},"geometry":{"type":"MultiPolygon","coordinates":[[[[76.4077,11.7533],[76.4108,11.7465],[76.4066,11.7406],[76.4056,11.7334],[76.412,11.7343],[76.4173,11.7259],[76.4189,11.7171],[76.4179,11.7136],[76.4111,11.71],[76.4087,11.7041],[76.4063,11.7036],[76.4031,11.7068],[76.3964,11.7011],[76.4029,11.6995],[76.4022,11.6831],[76.4102,11.6646],[76.4176,11.6634],[76.4235,11.6593],[76.4277,11.6475],[76.4346,11.6416],[76.4356,11.6377],[76.4342,11.6335],[76.4307,11.6296],[76.4259,11.629],[76.4248,11.6233],[76.4213,11.6251],[76.3962,11.6253],[76.3801,11.6224],[76.3767,11.6147],[76.3768,11.6046],[76.3711,11.6007],[76.3707,11.5935],[76.3501,11.5827],[76.3356,11.5783],[76.3335,11.5807],[76.3334,11.5851],[76.3286,11.5886],[76.3111,11.5775],[76.3092,11.5696],[76.3052,11.5704],[76.2979,11.5643],[76.2938,11.565],[76.2906,11.5806],[76.2859,11.583],[76.2779,11.5835],[76.276,11.59],[76.271,11.5929],[76.2257,11.5644],[76.2269,11.5597],[76.2237,11.5563],[76.2001,11.5524],[76.1932,11.5664],[76.1834,11.5798],[76.1751,11.5875],[76.1767,11.6033],[76.174,11.6198],[76.1676,11.6307],[76.1517,11.6329],[76.1439,11.6374],[76.1233,11.6789],[76.1241,11.6878],[76.1121,11.6963],[76.0988,11.7027],[76.0951,11.7177],[76.1127,11.7332],[76.1173,11.742],[76.1171,11.7461],[76.1103,11.749],[76.108,11.7531],[76.11,11.766],[76.1127,11.7727],[76.0959,11.7786],[76.0912,11.7783],[76.0802,11.7841],[76.0746,11.7842],[76.0713,11.7962],[76.0827,11.8055],[76.0857,11.811],[76.0832,11.824],[76.086,11.8279],[76.1083,11.8358],[76.1165,11.843],[76.1256,11.8448],[76.139,11.8571],[76.1494,11.861],[76.1626,11.86],[76.184,11.8638],[76.1961,11.8555],[76.2009,11.8541],[76.2034,11.8491],[76.2072,11.8318],[76.2055,11.8196],[76.212,11.8143],[76.2143,11.8042],[76.2185,11.8],[76.2321,11.7965],[76.2444,11.7953],[76.2531,11.7998],[76.2654,11.8004],[76.272,11.8035],[76.2751,11.8008],[76.2837,11.7849],[76.3,11.7762],[76.3105,11.7439],[76.3243,11.7387],[76.335,11.7306],[76.3463,11.7305],[76.356,11.7399],[76.3723,11.7362],[76.3838,11.745],[76.3907,11.7429],[76.4044,11.7499],[76.4077,11.7533]]]]}},{"type":"Feature","properties":{"name":"Vythiri","taluk":"Vythiri","matched":true,"gadm":"Vayittiri"},"geometry":{"type":"MultiPolygon","coordinates":[[[[76.1353,11.4427],[76.1276,11.4491],[76.1142,11.4652],[76.1056,11.4682],[76.0978,11.4736],[76.0884,11.4753],[76.0835,11.482],[76.0882,11.4866],[76.0844,11.4914],[76.0834,11.499],[76.0706,11.5138],[76.068,11.5136],[76.0567,11.5012],[76.0516,11.5024],[76.0465,11.4963],[76.0417,11.4987],[76.0382,11.4979],[76.0352,11.4949],[76.027,11.502],[76.0107,11.5083],[75.9841,11.5267],[75.962,11.5444],[75.9523,11.555],[75.951,11.5732],[75.9401,11.5761],[75.9319,11.5818],[75.9207,11.5842],[75.9022,11.5965],[75.9,11.5992],[75.8989,11.608],[75.8919,11.6133],[75.8942,11.6236],[75.8943,11.6367],[75.8964,11.6412],[75.898,11.6534],[75.8963,11.6708],[75.9134,11.6831],[75.9229,11.6813],[75.9418,11.6872],[75.9455,11.687],[75.9474,11.6845],[75.9515,11.6852],[75.9671,11.6989],[75.9708,11.6939],[75.9738,11.6996],[75.9877,11.7056],[75.9908,11.7044],[75.9968,11.705],[75.9987,11.7068],[75.9992,11.7131],[76.0095,11.7157],[76.0128,11.7184],[76.0164,11.7167],[76.0219,11.719],[76.0257,11.7162],[76.019,11.7096],[76.0163,11.7045],[76.017,11.6999],[76.0105,11.7023],[76.0087,11.6979],[76.0102,11.6931],[76.0143,11.6938],[76.0177,11.6871],[76.0207,11.6931],[76.0254,11.6893],[76.0346,11.6862],[76.0358,11.681],[76.04,11.6786],[76.0401,11.675],[76.0499,11.6753],[76.054,11.6781],[76.0568,11.6866],[76.0596,11.6886],[76.06,11.696],[76.0703,11.6997],[76.0715,11.7029],[76.0758,11.7054],[76.0761,11.7093],[76.0801,11.7128],[76.0787,11.7168],[76.0794,11.7293],[76.0842,11.7365],[76.0904,11.7343],[76.1087,11.7363],[76.1127,11.7332],[76.0951,11.7177],[76.0988,11.7027],[76.1121,11.6963],[76.1241,11.6878],[76.1233,11.6789],[76.1439,11.6374],[76.1517,11.6329],[76.1676,11.6307],[76.174,11.6198],[76.1767,11.6033],[76.1751,11.5875],[76.1834,11.5798],[76.1932,11.5664],[76.2001,11.5524],[76.2209,11.555],[76.2269,11.5597],[76.2345,11.5465],[76.2383,11.5334],[76.2425,11.5288],[76.243,11.5242],[76.2396,11.5209],[76.2332,11.5187],[76.2251,11.518],[76.2162,11.5055],[76.1945,11.4999],[76.1827,11.4887],[76.1755,11.4756],[76.179,11.4696],[76.1769,11.4645],[76.1619,11.4588],[76.1579,11.4521],[76.1353,11.4427]]]]}}]}